"Code_postal","Titre","date_creat","lon","lat","Code.RÈgion"
1000,"MADA.SOU.ABE (MADAGASCAR. SOURIRE. ANTSIRABE)","2013-12-16",5.2276622,46.1893586,NA
1100,"ACTION SANTE MALGACHE","1990-12-26",5.6555388,46.2571629,NA
1250,"STEPH'ANDAVA STEPHANIE POUR ANDAVADOAKA","2012-11-22",5.3945767,46.128506,NA
1300,"S.I.A.F.M. SOLIDARITE INITIATIVES ACTIONS FRANCE-MADAGASCAR","2004-02-03",5.686596,45.760918,NA
1600,"VINTANA (VOLONTE D'INTEGRER DE NOUVELLES TECHNIQUES D'APPRENTISSAGE POUR LES NON AVANTAGES)","2014-01-08",4.8022823,45.949437,NA
1800,"SOUTIENS AUX ENFANTS DE L'OCEAN INDIEN (S.E.O.I.)","2015-03-21",5.2268084,45.9194995,NA
1800,"NY LALANA (LE CHEMIN)","2008-11-14",5.1454454,45.8091575,NA
2100,"HIBISCUS WORLD CONNECTED CITIES","2010-04-23",3.3088862,49.8776848,NA
2120,"COMITE DE LA FETE DU QUARTIER DE MADAGASCAR","1981-05-02",3.6251383,49.8976585,NA
2190,"ASS 'ASSOCIATION ENTRAIDE FRANCO MALGACHE'","1995-01-25",3.9760591,49.4633064,NA
2260,"ONG O.T.S.H.O.A. (ORGANISATION TECHNIQUE SOCIALE HUMANITAIRE OUEST AFRIQUE)","2009-06-25",3.9166595,49.9736038,NA
2400,"ASSOCIATION ASA TANANA SOLIDARITE FRANCE-MADAGASCAR","2001-10-26",3.402517,49.0460849,NA
3100,"ALLIANCE FRANCE-MADAGASCAR","1999-03-05",2.6057876,46.3344842,NA
3200,"ENFANCE- SOLEIL- MADAGASCAR","2007-03-08",3.427954,46.124507,NA
4100,"MADAGASC' ALPES","2007-01-16",5.7997398,43.8239938,NA
5000,"RAVINTSARA VOYAGE","2013-07-22",6.079736,44.5608498,NA
5000,"ASSOCIATION CONSTRUCTION DE L'…GLISE ST FRAN<c7>OIS ANTANAMITARANA NOSY BE MADAGASCAR CESFAM","2016-06-30",6.0645373,44.5616336,NA
5100,"MON ECOLE DU BOUT DU MONDE","2014-12-30",6.6370421,44.887137,NA
5220,"REGARD SUR LE MONDE","1999-12-16",6.5095466,44.975628,NA
5230,"ASSOCIATION BAOBAB","2002-08-20",6.1978265,44.5652735,NA
5460,"NYOAVY","2008-03-17",6.9272211,44.793982,NA
6000,"AIDONS MADAGASCAR","2010-11-24",7.2495672,43.6934872,NA
6000,"J'ELITE","2008-04-28",7.2320028,43.7066271,NA
6000,"DAGO'STYLE","2014-05-12",7.2449899,43.7036098,NA
6100,"ASSOCIATION VATO","2011-02-02",7.255078,43.7123806,NA
6130,"ASSOCIATION NAINA","2008-03-07",6.8922318,43.6627396,NA
6140,"LE POUSSEPOUSSE DE MADAGASCAR","2012-12-04",7.11448,43.7214673,NA
6140,"OH MADAGASCAR","2005-04-29",7.1173364,43.7226107,NA
6200,"NALEJO CARAIBE","2009-11-17",7.2433288,43.6911588,NA
6220,"ASSISTANCE MEDICALE MOBILE DE MADAGASCAR - CELLULE D'APPUI FRANCAISE","1991-01-16",7.0533914,43.5790215,NA
6220,"ELIOS MADAGASIKARA","2008-08-26",7.0535642,43.5924417,NA
6300,"TONGA SOA","2009-05-12",7.2864422,43.7133941,NA
6300,"COMMUNAUTE CATHOLIQUE MALGACHE DE LA COTE D AZUR (C.C.M.C.A.)","2001-04-04",7.2588753,43.7071597,NA
6300,"GROUPEMENT D ETUDE ET DE RECHERCHE PLURIDISCIPLINAIRE SUR MADAGASCAR","1995-07-05",7.2663256,43.7244623,NA
6300,"ASSOCIATION DES MALGACHES DE LA COTE D'AZUR","1997-08-16",7.2320028,43.7066271,NA
6400,"AFAMM ASSOCIATION DES FEMMES ARTISANES MALGACHES DE MAJUNGA","2010-02-03",7.0030226,43.5667379,NA
6500,"PACA-MADA","2009-05-04",7.5074475,43.7758524,NA
6530,"LA BELLE ETOILE FRANCE","2015-06-07",6.7976328,43.6775858,NA
6600,"ASSOCIATION DES AMIS DU CENTRE DE BIENFAISANCE LE TRIOMPHE SITUE A MADAGASCAR ANDRANOMANDRY AMBOHIMANGAKELY PK 13 RN 2","2005-02-08",7.0849239,43.6049565,NA
6790,"ANOSIBE D'ANGELINE","2012-03-30",7.2458142,43.7842573,NA
7100,"MAMAVIET (MALI, MADAGASCAR,VIETNAM)","2010-03-10",4.668253,45.2408096,NA
7120,"MOUVEMENT D'ENTRAIDE AUX ENFANTS DE MADAGASCAR - MEEM","1990-07-13",4.3416419,44.4524834,NA
7140,"REFUGE ZAZA KELY","2010-09-22",4.0405474,44.482444,NA
7160,"S. D. A. M ( SOLIDARITE AU DEVELOPPEMENT D'AMBARARATABE A MADAGASCAR )","2008-04-02",4.399711,44.892757,NA
7190,"L'EAU VIVE","1998-03-25",4.5604329,44.7629856,NA
7340,"AIDE ET FORMATION ANTSIRABE","2010-06-30",4.7580079,45.3519955,NA
7510,"SOAMIANDRY (TRESOR CACHE)","2010-05-07",4.1214455,44.825156,NA
10000,"SOLIDARITE ACTION MADAGASCAR AUBE","2005-08-16",4.0685337,48.2933339,21
10170,"'MAD'ASSOS'","2006-06-19",3.8882394,48.5056392,21
10280,"FPMA TROYES","2003-07-24",3.9006119,48.4216249,21
10600,"ASSOCIATION SPORTIVE MALGACHE","1989-05-11",4.0389922,48.3090134,21
11000,"LES ENFANTS DE MADAGASCAR","2007-09-24",2.3632531,43.2060065,91
11160,"LA MINERVOISE ' MINERVOIS SANS FRONTIERES-MADAGASCAR '","1962-02-22",2.5868817,43.2839156,91
11600,"MADAGASCAR SOLIDARITE","2007-01-16",2.3555415,43.2681718,91
12000,"AMAHA (ASSOCIATION MALGACHE POUR AIDE HUMANITAIRE A AVEYRON)","2005-08-30",2.575986,44.349389,73
12000,"SOLIDAIRES ET ACTIFS POUR LES PLUS VULNERABLES ET LES ENFANTS (SAVE)","2014-01-20",2.5771206,44.3536014,73
12200,"MARTIEL VIA MADAGASCAR","1999-08-23",1.923325,44.3767636,73
12440,"AMICALE DES ANCIENS COMBATTANTS ET ANCIENS D'A.F.N. DE LA SALVETAT","1969-05-31",2.200056,44.219871,73
12460,"SOLEIL-LUNE","2009-07-21",2.661159,44.689298,73
12700,"SOLIDARITE MADAGASCAR - AVEYRON","2016-01-12",2.0510173,44.5621832,73
12740,"ROUERGUE ANDRONA","2002-12-02",2.5942592,44.397697,73
13000,"ASSOCIATION FRANCAISE NOS AMIS MALGACHES","1990-05-23",5.3816936,43.2981887,NA
13000,"OFFICE POUR LE DEVELOPPEMENT ECONOMIQUE CULTUREL ET SOCIAL ENTRE LA  FRANCE ET MADAGASCAR (ODEFRAM)",NA,5.3732577,43.2914439,NA
13000,"ACTIONS ET INITIATIVES POUR MADAGASCAR",NA,5.385947,43.301362,NA
13000,"COMMUNAUTE DES CATHOLIQUES MALGACHES DES BOUCHES-DU-RHONE","1998-09-14",5.3877024,43.3035514,NA
13000,"MAKI-MADA","2003-04-23",5.3816936,43.2981887,NA
13001,"EDUK'A'MADA","2012-01-31",5.3745508,43.2937703,93
13001,"COMMUMAUTE CATHOLIQUE MALGACHE D'AIX MARSEILLE","1983-10-13",5.3877024,43.3035514,93
13001,"VISION FUTURE TSINJO LAVITRA (V.F)","2017-01-23",5.388709,43.305364,93
13002,"ASSOCIATION LIAISON MADAGASCAR",NA,5.374263,43.3000309,93
13002,"ASSOCIATION POUR LA DEFENSE DES INTERETS DES ACTIONNAIRES DE LA SOCIETE  SUCRIERE DE LA MAHAVAVY","1977-02-08",5.3736043,43.2965815,93
13002,"ASSOCIATION DE DEVELOPPEMENT EURO MALGACHE (ADEM)","1998-10-19",5.3677743,43.3024367,93
13003,"ASSOCIATION DES NATIFS DE MAJUNGA ET DE LA REGION DE BOENY","1980-12-24",5.3757389,43.3057427,93
13005,"FLM FITANDREMANA MARSEILLE","2013-02-19",5.3923124,43.2983386,93
13005,"GASYTIATANINDRAZANAMARSEILLEBDR (GTTMBDR)","2009-04-24",5.4007589,43.2957165,93
13006,"ASSOCIATION FRATERNITE MORAMANGA","2014-01-22",5.3745383,43.2853502,93
13007,"ASSOCIATION SAINT-MICHEL MALAGASY MARSEILLE (ASMMM)","2009-10-12",5.3639016,43.2881003,93
13008,"FIKAMBANAN'NY MPIKABARY MALAGASY (FI.MPI.MA.SECTION MARSEILLE)","2015-01-28",5.3843485,43.276128,93
13008,"ARC GANESH PROJECT","2008-02-08",5.3887598,43.2777439,93
13008,"AUX ENFANTS DU NOUVEAU MONDE","2011-05-02",5.377619,43.2781634,93
13008,"ASSOCIATION DES JEUNES ACTIFS MALGACHES DE MARSEILLE (A.S.J.A.M.M)","2015-09-25",5.3874134,43.2666392,93
13008,"CHAMBRE DE COMMERCE ET D INDUSTRIE FRANCO-MALGACHE","2004-03-17",5.3759077,43.2774716,93
13010,"MADA CULTURE","2003-03-24",5.4025362,43.2855331,93
13010,"ASSOCIATION DE SOLIDARITES ET D'ECHANGES MADAGASCAR FRANCE (ASSEMAF)","2000-08-04",5.404579,43.2841037,93
13010,"FEDERATION DES GROUPEMENTS MALGACHES DE MARSEILLE ET ALENTOURS","1990-01-31",5.4276212,43.2817888,93
13012,"DREAM MADAGASCAR","2014-06-03",5.4320681,43.3212535,93
13013,"BAZAR SANS FRONTIERES ARTISANAT-MADAGASCAR",NA,5.4004681,43.321851,93
13013,"TSIMIVAHA","2003-03-10",5.4059725,43.320689,93
13013,"L'ENVOL FRANCE MADAGASCAR","2002-07-25",5.4116725,43.326431,93
13014,"ASSOCIATION SOLIDARITE FRANCE DIEGO (ASFD)","2016-12-30",5.3818061,43.3502428,93
13014,"TSINGETSIHETSY","2005-01-18",5.3978888,43.3345577,93
13014,"ASSOCIATION NORBERT DIALYSE","2011-01-26",5.3795393,43.3333142,93
13015,"FOIBE ARA-KOLONTSAINA MALAGASY CENTRE CULTUREL MALGACHE (FFAM-CCM)","2011-12-20",5.3613844,43.3299995,93
13015,"ASSOCIATION SOCIALE CULTURELLE FRAHA TSARA DE MARSEILLE (ASCFTM)","2013-02-20",5.3672971,43.3245669,93
13090,"AIDE POUR LE DEVELOPPEMENT DURABLE (ADD)","2012-07-16",5.4370724,43.5116503,NA
13100,"AUX P'TITS BOBOS DE MADAGASCAR","2010-06-15",5.4596413,43.5921076,93
13100,"""ASSOCIATION FRANCE-MAJUNGA POUR LA SANTE  """"""""FALIAVANJA""""""""""","2011-01-26",5.4478105,43.5320839,93
13100,"ASSOCIATION SHOTO DES AMIS DE MADAGASCAR ( A S A M )","1987-05-25",5.4538829,43.5175458,93
13110,"AMITIE FRANCE MADAGASCAR","1997-09-10",4.9827103,43.4066012,93
13127,"LA MAISON DE LISE","2007-02-21",5.277694,43.422619,93
13150,"ASSOCIATION MALGACHE","1999-07-08",4.6638358,43.8017579,93
13170,"ZARHA","2006-01-20",5.3465127,43.3890159,93
13170,"VIVAMADA","2014-07-30",5.2847981,43.4160255,93
13170,"ASSOCIATION CULTURELLE DES INDIENS DE MADAGASCAR EN FRANCE (ACIMAF)","1997-04-26",5.3477834,43.3856911,93
13210,"ASSOCIATION SCHOOL","2003-07-11",4.83134,43.7887,93
13230,"TOM POUCE","2000-04-21",4.8139853,43.3906175,93
13240,"BELATS ' ART","2003-01-13",5.37373,43.39062,93
13300,"SE TENDRE LA MAIN ECHANGE FRANCO-MALGACHE","2000-06-30",5.0938797,43.6393053,93
13310,"PASSION SPORT SANS FRONTIERES","2001-12-20",4.8065776,43.6372748,93
13400,"AINA MADAGASCAR REGION PACA FRANCE","2011-06-22",5.5693014,43.292633,93
13440,"RAVINALA","1989-06-05",4.9543616,43.8618346,93
13500,"UN CONTENEUR POUR MADAGASCAR (UCPM)","2013-11-20",5.033915,43.3933183,93
13510,"FITIAVANA","2011-08-16",5.3588428,43.5646386,93
13530,"VALIHA","1996-10-11",5.6818511,43.4478997,93
13560,"IRAY HINA","1998-08-29",5.0842357,43.7012279,93
13570,"LOHARANO (LA SOURCE) - IARINORO","2010-10-19",4.760594,43.9010481,93
13640,"LES ENFANTS DE MADAGASCAR LA ROQUE","1997-02-12",5.3044475,43.7175519,93
13640,"MIMI ANTSIRABE","1998-04-29",5.3104557,43.7145297,93
13710,"ASSOCIATION POUR LA PROMOTION DES DELICES DE MADAGASCAR","2008-02-07",5.5607312,43.4532887,93
13720,"COLIBRI COLLECTIF LIBRE DE BONTE RESPECT INITIATIVES A MADAGASCAR","2002-10-17",5.6178662,43.3986041,93
14000,"ASSOCIATION CHRETIENNES DES MALGACHES DE CAEN","1993-05-12",-0.3616588,49.1791288,25
14000,"L'UNION POUR LES ENFANTS DE MADAGASCAR","2015-05-05",-0.3578411,49.1776301,25
14000,"CAEN MADAGASCAR","1991-02-27",-0.3792968,49.2026261,25
14000,"ASSOCIATION DEVOIR DE MEMOIRE ET SOLIDARITE FRANCE-MADAGASCAR","2005-11-04",-0.3789448,49.1813883,25
14111,"AMITIE MADAGASCAR  NORMANDIE AMN","2006-11-27",-0.393032,49.1599463,25
14150,"ASSOCIATION FRANCE - MADAGASCAR","2006-03-16",-0.2639183,49.2851297,25
14170,"SOLIDARITE ZANAKA","2013-10-08",-0.0401294,49.0225036,25
14200,"VARATRAZA ASSOCIATION DES MALGACHES ET AMIS DE MADAGASCAR.","1987-12-06",-0.3321071,49.2015756,25
14200,"CALAZA ASSOCIATION FRANCE MADAGASCAR","2009-09-17",-0.3387973,49.207011,25
14400,"D…FI JANERIC","2011-02-22",-0.7081379,49.2819803,25
14410,"SAMBAVA DEVELOPPEMENT","2009-10-20",-0.676905,48.8528913,25
14610,"ASSOCIATION MANGER POUR APPRENDRE","2008-05-09",-0.4421534,49.2325793,25
15000,"""CANT'AL OPERATION DU SOURIRE : MADAGASCAR """""""" SOURIRES MALGACHES """"""""""","2006-04-21",2.4406172,44.9262086,83
15300,"MENDE - ANTSIRABE","2014-02-14",2.934999,45.081006,83
16260,"AMADEA CENTRE OUEST ATLANTIQUE","1991-12-02",0.456982,45.832783,54
16400,"PEGASY","1995-12-18",0.1215534,45.6257103,54
17000,"'AMICALE DES ZANATANY 17'","2005-03-04",-1.1452567,46.164153,54
17100,"DONNE A MOIN LA MAIN","2003-01-30",-0.6112862,45.7564454,54
17340,"ASSOCIATION MADAGASCAR AUTREMENT","1998-06-23",-1.0870304,46.0567947,54
17340,"CHATELAILLON MITIA MALAGASY","1999-03-29",-1.0887195,46.0693962,54
17520,"FANDRAMA","2010-05-25",-0.3406143,45.5276792,54
17770,"OBJECTIF MADA","2010-06-30",-0.5345181,45.8494377,54
17810,"ASSOCIATION VANILLE","2008-03-14",-0.6992634,45.7602318,54
18000,"ASSOCIATION SOS ENFANTS MADAGASCAR-AEM","2010-05-20",2.4354016,47.0817623,24
18000,"MAHASOA","2007-04-20",2.4075903,47.0578566,24
18100,"ASSOCIATION CULTUELLE FIARAHA-MIVAVAKA PROTESTANTA MALAGASY FARITRA AFOVOANY ATSIMO FRANTSA (FMPMFAAF)","2014-11-14",2.0853513,47.2352576,24
18130,"RENALA-SOS-ENFANTS-MADAGASCAR SUD","2009-11-12",2.5722551,46.8813695,24
19000,"SOLIDARIT… POMPIERS MADAGASCAR (SPM)","2011-12-08",1.7503887,45.2607244,74
19100,"TONGASOA ZAZAKELY","2009-11-20",1.5302603,45.1552967,74
19100,"ASSOCIATION FRANCE MADAGASCAR D'HEMATOLOGIE BIOLOGIQUE","2006-04-27",1.529822,45.154282,74
19100,"LA GRANDE ILE",NA,1.5181688,45.1708333,74
19700,"RUGBY MADA","2006-03-29",1.6339764,45.3499651,74
20000,"COMITE D'AIDE A MONSEIGNEUR ZEVACO ET A MADAGASCAR.","1993-03-31",8.7372091,41.9222163,94
20290,"ASSOCIATION ADAWA","2014-09-29",9.5250374,42.5595751,94
21000,"ASSOCIATION ALEXANDRE POTIER","2005-11-30",5.0404754,47.3197976,26
21000,"EGLISE PROTESTANTE MALGACHE EN FRANCE - PAROISSE DIJON OU FIANGONANA PROTESTANTA MALAGASY ATY ANDAFY - TAFO DIJON (FPMA DIJON)","1993-03-14",5.0370431,47.3248595,26
21130,"FLEUR DE COTON","2014-06-13",5.3945633,47.1948429,26
21160,"""ASSOCIATION SPORTIVE """"""""DJAMA"""""""" DIJON JEUNE ASSOCIATION MALGACHE""","2007-02-19",5.0037631,47.2783167,26
21160,"LE ROUGAIL DE MADAGASCAR","2007-02-28",5.0037631,47.2783167,26
21380,"VONJY AINA FRANCE ACTIONS HUMANITAIRES A MADAGASCAR (VAFAHAM)","1991-04-08",4.9267751,47.4507138,26
21800,"ADO CLUB FRANCO-MALGACHE","1995-03-23",5.1302978,47.2998014,26
22000,"RAVOROMANGA, L'OISEAU BLEU MADAGASCAR","1995-05-17",-2.7534957,48.5164461,53
22100,"ESPOIR DE DEMAIN","2008-01-25",-2.0506172,48.4624245,53
22200,"DEST:AL","2008-05-21",-3.0979917,48.5640696,53
22220,"SOLIDARITE TREGOR MADAGASCAR","2008-10-23",-3.2379191,48.7974028,53
22290,"KONGONY MADAGASCAR","2015-02-12",-2.9815441,48.6334031,53
22400,"COULEURS PARTAGES","2014-03-10",-2.533261,48.52378,53
22440,"DIFIBARATRA","2004-02-18",-2.7916688,48.4959711,53
22490,"MAKI EDUCATION","2015-09-19",-1.9847767,48.5357475,53
22700,"VONJY MADAGASCAR COTES D'ARMOR","1997-08-01",-3.4571251,48.8127314,53
23100,"ASSOCIATION POUR ENFANTS HANDICAPES DE MADAGASCAR - A.P.E.H.M.","2011-06-07",2.3814805,45.7721406,74
23140,"PIERRE DE JADE SOUTIEN SOLIDARIT… STRUCTURES DE SANT… A MADAGASCAR (PIERRE DE JADE 4S M)","2016-10-19",2.0867656,46.1790368,74
23200,"GASY MIRAY","2012-07-02",2.1860233,45.9595833,74
23300,"MADA LAVAKA","2014-08-01",1.4830736,46.2391767,74
24000,"SOLIDARITE ET AMITIE FRANCE MADAGASCAR","2013-04-08",0.7388014,45.1836676,72
24000,"SOLIDARITE MADAGASCAR-DORDOGNE","2016-01-25",0.7209695,45.1901945,72
24000,"LES ENFANTS D'AMPASSIMENA","2009-03-03",0.7140854,45.1927665,72
24100,"ESPERANCE MARIANINA MADAGASCAR (EMM)","2010-03-29",0.4845429,44.8515025,72
24100,"ROSETTE - ANDROY","2006-11-20",0.483392,44.853806,72
24150,"GASY MIRAY SUD OUEST (GA.MI.SO)","2009-08-26",0.6255793,44.8486268,72
24420,"MIARADIA (ENSEMBLE)","2011-05-06",0.9143246,45.2733861,72
24660,"POMPIERS FRANCE-FORT DAUPHIN SECTION 24 (PFFD 24)","2015-03-19",0.6945724,45.1607182,72
25000,"MADABUZZ","2011-11-29",6.0095832,47.2359916,43
25000,"ASSOCIATION ZANAKA","2003-11-14",6.014025,47.2765124,43
25000,"QUELQUES ENFANTS MALGACHES","1994-06-01",6.0246323,47.2372595,43
25000,"AMADEA COMITE DE FRANCHE COMTE","1992-09-15",6.0179786,47.2415761,43
25000,"ASAM FRANCHE-COMTE, AIDE AUX SANS-ABRI DE MADAGASCAR","2005-07-06",6.0391288,47.2538393,43
25000,"ASSOCIATION MALGACHE DE FRANCHE COMTE","1981-12-22",5.9763065,47.2226314,43
25000,"CLAIRS MAD","2002-04-23",6.0586633,47.252826,43
25200,"PARTAGEONS AVEC MADAGASCAR","2007-01-12",6.7979172,47.512587,43
25350,"ASSOCIATION ASSOCIATION FRANC-COMTOISE DE PEUPLEMENT DE MADAGASCAR.","1950-12-23",6.80942,47.45022,43
25400,"ESPOIR, SOLIDARITE, ENFANTS DE FIANARANTSOA.","2003-10-20",6.8456962,47.4791443,43
25460,"ASSOCIATION BASKET GASY ETUPES (ABGE)","2016-12-09",6.8538067,47.5046835,43
26000,"KARAKARA","2010-11-26",4.884399,44.9120616,82
26000,"MEDECINE DROME MADAGASCAR (MDM)","2000-10-12",4.9061257,44.9134789,82
26120,"ASSOCIATION DES AMIS DU MUSEE DES ARTS ET TRADITIONS DE MADAGASCAR","1978-07-11",5.0270374,44.9376856,82
26130,"ASAM DROME PROVENCALE","2013-11-08",4.7682967,44.3524285,82
26170,"DEBARRAS DU SUD-EST","2010-05-26",5.1972861,44.2808809,82
26200,"TULEAR",NA,4.7484166,44.5557806,82
26200,"ZANATANY 26","2001-04-09",4.7438414,44.541597,82
26200,"VANILLE & NOUGAT","2012-02-23",4.7389206,44.5662433,82
26240,"BEFOTAKA ASSOCIATION","2011-06-06",4.8149488,45.1801399,82
26300,"ENVOL DIT FOY ELASTA OU E.F.E",NA,5.0469905,45.0055588,82
26400,"ENVOL DIT FOY ELATSA -(E.F.E)","1998-05-16",4.989869,44.758557,82
27000,"ACTION SOLIDARITE MADAGASCAR EURE","2006-08-16",1.1426982,49.0068289,23
27000,"SATRANA","2011-04-01",1.1757007,49.0235576,23
27100,"TOUS AVEC MAMABE","2003-11-04",1.2050104,49.2550578,23
27110,"PETIT A P TIT","2009-03-10",0.9241175,49.1217192,23
27190,"RAVINALA","2002-02-08",0.9365352,48.9668911,23
27200,"TONTOLO ISAINANA : POUR CR…ER DES ESPACES D'…CHANGES AVEC LES JEUNES CHERCHEURS MALGACHES","2013-08-23",1.4956108,49.0981946,23
27220,"FAMPIANARANA-FANDROSOANA EDUCATION DEVELOPPEMENT","2006-10-23",1.212116,48.962648,23
27250,"FIHAVANANA-ACTIONS DE SOLIDARITE POUR MADAGASCAR","2005-10-03",0.7072766,48.8202457,23
27380,"RENCONTRES A MADAGASCAR ET TEMOIGNAGES","2007-05-31",1.3048992,49.3844257,23
27410,"AKAMA MADA","2006-02-22",0.6661563,49.0149714,23
27520,"ASSOCIATION HUMANITAIRE POUR LE DEVELOPPEMENT SOCIAL (A.D.S.) D'UNE REGION DE LA PROVINCE FIANARANTSOA - MADAGASCAR","2005-12-13",0.824006,49.297761,23
27540,"MACADENCECAR","2015-05-07",1.456267,48.8834134,23
27610,"LE PARTI DES OISEAUX DES ENFANTS DE LA TERRE ET DE L'EAU","2009-06-08",1.2491647,49.3332052,23
27950,"CENTRE INTERNATIONAL D'AIDE A MADAGASCAR (C.I.A.M.)","1995-04-25",1.4471834,49.0992937,23
28008,"ACTION SOLIDARITE MADAGASCAR 
 EURE ET LOIR","2005-07-11",1.537039,48.4506738,NA
28100,"ENTRAIDE INTERNATIONALE OEUVRANT POUR L'INTERDEPENDANCE UNIFIANTE DES PROVINCES DE MADAGASCAR ET POUR UNE NATION APAISEE - E.N.I.N.A. -","2004-06-16",1.384302,48.7382739,24
28100,"'MALIGASCAR'","2002-12-24",1.372905,48.724859,24
28320,"ASSOCIATION ZUMBA DIVINE","2016-11-02",1.6722118,48.528702,24
28500,"'ZANATANA' ENFANTS DU PAYS","2002-03-18",1.4420811,48.7272244,24
29000,"BRETAGNE MADAGASCAR WEB","2002-09-09",-4.0988326,47.9954923,53
29000,"ASSOCIATION SPORTIVE CULTURELLE MALGACHE (A.S.C.M.)","2003-03-11",-4.0917185,48.0101867,53
29000,"MADAGASCAR PROMOTION ET DEVELOPPEMENT","2000-10-17",-4.1698266,47.9413733,53
29200,"ASSOCIATION DIEGO/BREST","1997-02-18",-4.5003376,48.3898491,53
29200,"RAVINALA 29","2007-12-12",-4.4854877,48.3868366,53
29200,"MORA MORA","2007-01-22",-4.492127,48.4012202,53
29200,"FEDERATION DIEGO DEVELOPPEMENT","2010-02-11",-4.4478676,48.397957,53
29214,"LA CASCADE","2005-07-04",-4.5195103,48.5699433,NA
29260,"FO DE L'IMANGA","2005-02-24",-4.32229,48.57208,53
29260,"AMITIE MADAGASCAR BRETAGNE (AMB)","2001-09-11",-4.32229,48.57208,53
29470,"MADAGASCAR 29","2013-03-01",-4.298769,48.377109,53
29700,"ANTANANDAVAHELY-BRETAGNE","2009-01-23",-4.1823198,47.9798241,53
29800,"PARTENARIAT SCOLARISATION MAJUNGA","2006-03-10",-4.235223,48.437755,53
29900,"MADAGASCAR BIOTECHNOLOGY","2010-09-24",-3.9234667,47.886627,53
29910,"LA MARMAILLE A L A CASE","2002-01-23",-3.8382304,47.8505366,53
30000,"CHAMBRE INTERNATIONALE COMMERCIALE MADAGASCAR OCEAN INDIEN- CICMOI","2006-12-19",4.3689059,43.8425826,NA
30000,"SOCIETE HISTORIQUE DU GOTHA ROYAL DE MADAGASCAR","2004-06-01",4.3583137,43.8412799,NA
30000,"NOUVELLE COORDINATION INTERNATIONALE POUR LE DEVELOPPEMENT FRANCE MADAGASCAR","2002-10-29",4.3689059,43.8425826,NA
30100,"ASSOCIATION TSIKY ZANAKA","2005-11-15",4.1104968,44.1385754,91
30320,"AMICALE RAZANAMANGA","2008-08-07",4.4554068,43.866052,91
30320,"FILALANA","2006-08-03",4.4551426,43.8638193,91
30350,"LES AMIS DE JOFFREVILLE","2002-11-15",4.120086,43.957851,91
30380,"MALAGASY ADVANTISTA FRANTSA ATSIMO OU MAFA","1901-07-01",4.0907375,44.0761922,91
30500,"BABAKOTO","2002-07-26",4.1864379,44.2594479,91
30520,"AIDE AUX ENFANTS DE TULEAR","2008-05-09",4.0904297,44.1628891,91
30700,"L'ARBRE DE VIE","1999-04-13",4.419946,44.01211,91
30700,"VIVRAMADA","2011-06-29",4.37309,44.000662,91
30760,"AVENIR SAKAY","2007-02-20",4.511391,44.256866,91
31000,"ECOLE DE LA VIE DE MADAGASCAR","2000-04-04",1.4433746,43.5951686,NA
31000,"EUROCEAN INDIEN DEVELOPPEMENT SUR MADAGASCAR","2017-01-24",1.4453277,43.6041139,NA
31000,"BERYL ECHANGES ET DEVELOPPEMENT","1994-07-01",1.4742957,43.611467,NA
31000,"SAVA-TOULOUSE","2002-10-23",1.4494982,43.6133521,NA
31000,"AMITIES FRANCO-MALGACHES DE MIDI-PYRENEES (A.F.M.M.)","1997-07-24",1.459845,43.5742082,NA
31000,"MADAGASIRAK'ART-ATELIERS SOLIDAIRES","2006-11-15",1.4510305,43.6114304,NA
31000,"FIANGONANA PROTESTANTA MALAGASY ATY ANDAFY TOULOUSE (F.P.M.A. TOULOUSE)","1986-03-03",1.4444082,43.5953195,NA
31100,"RANTSAN-TANANA SOLIDAIRE","2016-04-29",1.3932461,43.5713423,NA
31100,"AINA","2000-01-19",1.4000228,43.5812374,NA
31100,"GRANDIR A MADAGASCAR","2007-02-19",1.4082215,43.5651712,NA
31100,"FRANCE-MADAGASCAR SOLIDARITE","1993-07-12",1.3979848,43.575691,NA
31100,"TSIKY (SOURIRE EN MALGACHE)","2010-04-08",1.383346,43.5751683,NA
31100,"CLUB LE LEMURIEN","1993-02-18",1.4109159,43.5804447,NA
31100,"MIANGALY","2003-03-05",1.3897786,43.5802127,NA
31130,"VINTSY","2010-08-23",1.5342031,43.5833123,73
31130,"ILO","2009-12-14",1.5064039,43.5958628,73
31140,"AMICALE GABRIEL GUILLOT","1996-07-26",1.4784966,43.7117629,73
31150,"VIVRE ET GRANDIR A MADAGASCAR","2004-05-19",1.4147577,43.7350812,73
31180,"BAOBAB","2002-10-30",1.5174127,43.6919193,73
31190,"ELEVE-TOI","2009-12-31",1.4605482,43.4260061,73
31200,"ESPOIRS SPORTIFS DE TULEAR","2015-11-12",1.4658271,43.6413452,NA
31200,"3A TOULOUSE","2008-08-20",1.4256243,43.614028,NA
31200,"SOURIRE ET PARTAGE","2006-09-07",1.4542616,43.6294646,NA
31200,"RALLYE-MANIA","2010-11-22",1.4268815,43.6134305,NA
31200,"HAPPY LINK","2014-02-27",1.4364801,43.6191681,NA
31200,"AIDE MADAGASCAR ENFANTS (AME)","1998-10-29",1.4146421,43.6153073,NA
31200,"MALAGASY MIRAY","2013-04-02",1.4688139,43.636268,NA
31210,"ASSOCIATION MADAGASIKARA","1994-10-24",0.5749751,43.0822111,73
31240,"Un sourire pour les enfants de Madagascar","2005-10-12",1.4840651,43.6569168,73
31270,"ASSOCIATION FAHAZAVANA","2003-03-28",1.3587651,43.5539393,73
31290,"ASSOCIATION POUR LE DEVELOPPEMENT DE RELATIONS SOLIDAIRES AVEC MADAGASCAR (RESO-MADA)","2001-09-24",1.654707,43.4024423,73
31340,"DESTINATION MADAGASCAR","1997-10-29",1.4983069,43.8644894,73
31340,"DESTINATION MADAGASCAR","2006-09-21",1.5065699,43.8628874,73
31340,"SOLIDARIT… UNIVERSELLE POUR LE PARTAGE …QUITABLE DES RESSOURCES DE MADAGASCAR","2014-09-15",1.4983069,43.8644894,73
31390,"ASSOCIATION MANAO-AN DE CARBONNE","2006-01-05",1.2263045,43.2938345,73
31400,"AROMAMADA","2016-12-30",1.4488673,43.5823442,NA
31400,"LES ENFANTS DU BAOBAB","2010-05-25",1.4517034,43.5879505,NA
31400,"MALAGASY VONONA","2010-10-05",1.4606493,43.5820643,NA
31450,"VOIR MADAGASCAR AUTREMENT","2015-03-16",1.5231887,43.456759,73
31490,"ATSIMO","1993-11-24",1.2347218,43.600181,73
31500,"SYSTEME D'ORGANISATION ET DE SOLIDARITE (SOS) POUR MADAGASCAR","1995-01-11",1.4596006,43.5971215,NA
31500,"MAD ACTIONS","2002-05-23",1.4515387,43.6139959,NA
31520,"ASSOCIATION MADACOEUR FRANCE","2013-12-27",1.4879158,43.5418832,73
31520,"LES AMIS DU LYCEE JACQUES RABEMANANJARA","2013-01-03",1.4588318,43.5396989,73
31560,"ENSEMBLE AVEC MADAGASCAR","2006-09-14",1.6227774,43.3558484,73
31660,"LE SOURIRE DES ENFANTS","2010-11-29",1.6064677,43.8004045,73
31700,"LE SOURIRE D'ANITA","2013-04-04",1.3789039,43.6414668,73
31750,"ASSOCIATION ESPOIRS GASY","2005-02-14",1.547852,43.5178277,73
31770,"GASY MEVA","2006-05-09",1.3225245,43.6000047,73
31770,"ANKAVANA","2012-06-27",1.3297516,43.6222382,73
31770,"ADM (ASSOCIATION POUR LE DEVELOPPEMENT DE MADAGASCAR)","2013-09-19",1.3340834,43.6112918,73
31790,"HUMASSOC'2010","2009-11-17",1.394278,43.7464351,73
31860,"RAVINALA CLUB","1989-04-06",1.4009838,43.4803955,73
32600,"NY LOVAN'I DADABE","2016-10-20",1.1057297,43.6018373,73
33000,"MALAGASY FOOTBALL CONSULTING DEVELOPPEMENT","2010-04-21",-0.5964005,44.8398622,NA
33000,"ASSOCIATION FRANCO-MALGACHE D'AQUITAINE (A.F.M.D.A.)","1999-11-09",-0.5997271,44.8365367,NA
33000,"SPORTIFS ASSOCIES MALGACHES DE BORDEAUX AQUITAINE - SAMBA","1990-05-07",-0.5678488,44.8351434,NA
33000,"SOILDARITE ACTION MADAGASCAR GIRONDE","2014-07-04",-0.5738846,44.8484546,NA
33000,"ESPOIR","1996-06-26",-0.5948388,44.8377098,NA
33000,"EGLISE PROTESTANTE MALGACHE EN FRANCE - SECTION BORDEAUX","1986-03-19",-0.5773214,44.8357342,NA
33000,"ASSOCIATION DES ANCIENS ELEVES <U+0091>SAINTE FAMILLE<U+0092> DE MADAGASCAR","1988-04-07",-0.5829208,44.8340971,NA
33000,"MADADENT","2016-01-28",-0.5725174,44.8415095,NA
33110,"AUSTRAL EXPANSION","1998-05-18",-0.609602,44.8694557,72
33110,"AIDE, SOLIDARITE MADAGASCAR","1998-08-28",-0.606152,44.8665891,72
33110,"AIDE SOLIDARITE FRANCE - MADAGASCAR","2003-09-24",-0.5943432,44.8654554,72
33130,"TANJONA ( LE BUT )","2002-01-23",-0.5597652,44.812016,72
33138,"ZAZA GAZY","2006-05-11",-1.0415686,44.7090947,72
33138,"KALAZA","1994-03-21",-1.0355187,44.7022225,72
33140,"SOLAIRMAD","2008-10-01",-0.5653669,44.7643669,72
33140,"FAYOL (DESCENDANTS DE EUG<c8>NE ET MARGUERITE FAYOL)","2016-04-22",-0.5394277,44.749043,72
33150,"MIOMBON'EZAKA NY RENY ATSIMONDRANO - (MIORA - FRANCE)","2016-08-11",-0.5229383,44.8633845,72
33160,"ASSOCIATION DES LECTEURS DE LA TRIBUNE DE DIEGO","2016-07-27",-0.7303178,44.9133798,72
33170,"FIKAMBANAN'NY MPIKABARY MALAGASY","2015-12-31",-0.6009592,44.7693921,72
33185,"DERAINA","2007-03-09",-0.6773392,44.867513,72
33200,"LE COEUR ET LA VOIX DE MADAGASCAR - LE COURRIER MALGACHE RADIOMADA-TVMADA","2007-02-08",-0.6242223,44.8667658,NA
33220,"FA.ZA.SO.MA","2004-03-24",0.192083,44.7779688,72
33220,"SOLIDARITE ENTRE-AIDE EXPATRIER MALGACHE","2014-05-19",0.2116365,44.8469028,72
33230,"LA TONGA","2008-05-16",-0.0714858,45.0164317,72
33240,""""""""""" L'ECOLE DE L'ILE ROUGE""""""""""","2005-06-14",-0.3936992,45.0563984,72
33310,"MADAGIR","2015-09-08",-0.514764,44.8693086,72
33310,"AMITI…S FRANCO MALGACHES DE BORDEAUX (A.F.M.B.)","2013-09-02",-0.5161025,44.8717314,72
33320,"SOURIRE MIRANA","2005-08-25",-0.6462791,44.8820606,72
33370,"AQUITAINE/MENABE","1999-10-01",-0.4831319,44.8702326,72
33400,"MUSIGASC'ART","1998-09-08",-0.5805445,44.8050389,72
33400,"FESTIVAL EURO MALGACHE DE LA MUSIQUE ET DU SPORT","2000-06-15",-0.5813545,44.7993406,72
33400,"TOURISME EQUITABLE ET SOLIDAIRE DE MADAGASCAR - TESMADA","2016-06-23",-0.6055518,44.7973485,72
33400,"TALY MADAGASCAR","2011-02-10",-0.6038059,44.8068201,72
33400,"MADA'S CARE","2007-10-30",-0.6033691,44.8082265,72
33410,"ACTION INTERNATIONALE POUR L'AIKIDO A MADAGASCAR - AIAM -","2008-01-16",-0.3220783,44.6361856,72
33500,"ARMADATTACK","2011-10-12",-0.237717,44.9192403,72
33523,"SOLIDARIT… INTERNATIONALE MADAGASCAR","2015-11-05",-0.6150133,44.8888633,NA
33600,"FIANGONANA PROTESTANTA VAOVAO ETO MADAGASIKARA ATY BORDEAUX - LA NOUVELLE  EGLISE PROTESTANTE DE MADAGASCAR A BORDEAUX (F.P.V.M)","2004-08-16",-0.6705306,44.8005586,72
33600,"""""""""""MAGIC"""""""" MADAGASCAR GIRONDE CLUB""","1994-03-30",-0.6066005,44.795909,72
33600,"AIDONS MADA !","2003-02-12",-0.67653,44.7919098,72
33600,"ACTIONS POUR LE DEVELOPPEMENT ET LA PAIX A MADAGASCAR","2012-07-20",-0.6638421,44.7821713,72
33600,"NY NAMANA","2009-05-15",-0.6268474,44.7917403,72
33610,"ASSOCIATION PETITES MERES DE MADAGASCAR","1998-03-10",-0.6509465,44.7416622,72
33610,"JEUNESSE FRANCO - MALGACHE J.F.M.","1997-05-02",-0.6495019,44.7626569,72
33700,"AMICALE DE MADAGASCAR A.M.","2005-05-23",-0.7018894,44.8154958,72
33710,""""""""""" HORIZONS DE MADAGASCAR """"""""""","1997-03-13",-0.5079425,45.0388186,72
33770,"LES YEUX OUVERTS","1996-11-06",-0.872322,44.51912,72
33800,"LES Z'A.M.I.S DE MADAGASCAR","1999-12-13",-0.5663642,44.8310777,NA
33800,"ALLIANCE ROHY MAHAGASY","2006-09-29",-0.5766911,44.8255704,NA
33800,"TELOMIOVA.ORG","2008-02-01",-0.5672411,44.8161071,NA
33870,"MADA&CO","2011-05-27",-0.3248191,44.9098345,72
33910,"FRANCO MALGACHE DU NORD LIBOURNAIS","1997-09-24",-0.2742206,45.0216209,72
33950,"SOEURS DE PEAU","2007-03-16",-1.179138,44.7559619,72
33950,"MARINA FANANTENANA/ESPOIR","2013-05-21",-1.2221132,44.7071748,72
34000,"MY HAPPY SOAP(S).ORG","2016-02-23",3.8792352,43.6109764,NA
34000,"GROUPE INTERDISCIPLINAIRE DE RECHERCHES SUR LES SOCIETES DE MADAGASCAR",NA,3.8803288,43.614608,NA
34000,"U A S M M UNION DES ASSOCIATIONS SPORTIVES MALGACHES A MONTPELLIER","1998-02-07",3.8977581,43.6018814,NA
34000,"""LA PORTE DE L'AMITIE """"""""SAPA TSIKIN - JAZA""""""""""","2007-01-12",3.9064678,43.6116263,NA
34000,"COMMUNAUTE MALGACHE DE MONTPELLIER",NA,3.8385844,43.6074323,NA
34000,"ASSOCIATION SPORTIVE ET CULTURELLE FRANCO MALGACHE","1990-12-19",3.8378098,43.6136538,NA
34000,"EGLISE PROTESTANTE MALGACHE A MONTPELLIER","1989-02-28",3.873407,43.6053472,NA
34070,"GRANDIR A MADAGASCAR","2007-02-02",3.8664815,43.5986922,NA
34070,"FEON'NY RAVINALA","2013-07-22",3.9003762,43.5933775,NA
34070,"ASSOCIATION FRANCE-MAJUNGA POUR LA S…CURIT… EN MER (LAKANA TSARA)","2016-09-09",3.8336781,43.6057512,NA
34080,"COLLECTIF GTT (GASY TIA TANINDRAZANA)","2009-11-27",3.8186658,43.6436649,NA
34080,"VANILLACTION","2006-12-11",3.8319373,43.6152616,NA
34080,"MADAGAS'COOL","2007-12-20",3.8319373,43.6152616,NA
34090,"GASY ETO MONTPELLIER SY MADAGASIKARA ROA MIRAY (GEMM2M1)","2015-11-06",3.8471411,43.6255608,NA
34090,"ISLAND CONNEXION","2013-03-19",3.8463025,43.6285008,NA
34140,"…COLE MADAGASCAR","2015-03-19",3.6080173,43.4241974,91
34150,"AKORY MADA","2007-04-02",3.5538572,43.6987816,91
34200,"ASSOCIATION FRANCO-MALGACHE A SETE","2009-04-28",3.6637318,43.412377,91
34300,"SOINS SANS FRONTIËRES 105/003","2003-04-08",3.4683764,43.2773001,91
34300,"UN GOUTER POUR MADA","2006-03-31",3.4690068,43.3140434,91
34320,"AMICALE DES REUNIONNAIS ET ANCIENS DE MADAGASCAR EN LANGUEDOC ROUSSSLON 230/89",NA,3.3084018,43.4839504,91
34320,"10 000 BRIQUES POUR UN VILLAGE","2009-04-03",3.3133457,43.4991546,91
34360,"HAVANTSIKA PIERRERUE - SAINT CHINIAN","2006-09-04",2.9782081,43.4274245,91
34360,"LUMIERES ET VIE POUR MADAGASCAR","2011-02-16",2.9463442,43.424006,91
34400,"TANORA MANDROSO - FRANCE","2006-11-06",4.1178237,43.64988,91
34500,"3 SIFAKAS","2010-01-08",3.2118488,43.3376136,91
34500,"MADAGASCAR ENFANCE XTREM","2016-04-19",3.2392869,43.3407244,91
34500,"ASSOCIATION EMMANUEL","2013-11-07",3.2288701,43.3442079,91
34500,"TIA","2008-11-07",3.229799,43.3527063,91
34500,"ASSOCIATION MIARADIA","2009-09-14",3.2576952,43.337511,91
34560,"ENVOL ENFANTS DE MADAGASCAR","2011-08-09",3.6668712,43.4923192,91
34560,"MADASOLIDAIRE","2008-03-13",3.6773832,43.4837241,91
34570,"POUR MADAGASCAR","2006-10-24",3.732142,43.594329,91
34670,"ASSOCIATION AFRIQUE MADAGASCAR 28","2006-10-31",4.0100232,43.6450036,91
34680,"NOSY MEVA","2002-06-27",3.7792219,43.6169055,91
34690,"AVENEMENT SUD","2006-09-04",3.7755462,43.5528235,91
34790,"ASSOCIATION '' TIAKO-I-MADAGASIKARA '' MONTPELLIER ( TIM - MONTPELLIER )","2002-06-18",3.8064711,43.6496245,91
34980,"UNE BOUCHEE DE PAIN","2007-09-24",3.8107298,43.6877317,91
35000,"SOLIDARITE MALGACHE DE RENNES SOMA35","2008-03-06",-1.6668393,48.1071307,NA
35000,"SOLIDARITE AUX ENFANTS DE MADAGASCAR","2002-02-01",-1.6756437,48.1096176,NA
35000,"GROUPE D'AMITIES FRANCE-SUISSE-BELGIQUE-MADAGASCAR","2006-04-04",-1.7052362,48.1169737,NA
35000,"""""""""""SOLIDARITE MADAGASCAR/ILLE-ET-VILAINE""""""""""","2005-03-23",-1.669036,48.1047114,NA
35000,"MADA IN BREIZH","2013-11-06",-1.6604934,48.1106296,NA
35065,"'A.C.M.S.V. : ASSOCIATION POUR LA COOPERATION MADAGASCAR / SAINT-VINCENT'","2002-07-01",-1.665169,48.113248,NA
35150,"ASSOCIATION SOLIDARITE MALAGASY 35","2016-08-02",-1.5880906,47.9790529,53
35150,"FIANGONAN' I JESOA KRISTY ETO MADAGASIKARA RENNES / LAVAL ( EGLISE DE JESUS CHRIST A MADAGASCAR )","2011-07-18",-1.6116939,47.9700215,53
35170,"IRAY","2007-03-21",-1.7592069,48.0293473,53
35200,"MAROVAVY","2008-11-20",-1.6562447,48.0893134,NA
35235,"FIBATA","2006-10-27",-1.5710758,48.1555788,53
35400,"L'ETOILE DE MAHAJANGA","2008-01-04",-2.0249016,48.648493,53
35400,"ASSOCIATION DES AMITIES FRANCO MALGACHES",NA,-2.0229602,48.6356573,53
35410,"MANOHANA MADAGASCAR","2009-03-05",-1.4538524,48.0580032,53
35420,"LE LIVRE AUX MILLE ZEBUS","2013-10-17",-1.2434526,48.508833,53
35430,"ENTRE DEUX RIVES","2004-11-15",-1.9642145,48.6151558,53
35430,"YAPLUKA","2011-01-12",-1.9936709,48.5980448,53
35480,"DIWAN MADA","2013-01-15",-1.850974,47.84443,53
35500,"L'ASSOCIATION, L'ESPOIR D'HELITA","2016-08-05",-1.202399,48.1072817,53
35540,"CLUB MADAGASCAR","2001-02-08",-1.895842,48.51675,53
35580,"COURIR ET SOURIRE","2016-03-15",-1.9332307,47.9851472,53
35580,"AGIR ENSEMBLE POUR MADAGASCAR","1992-12-15",-1.932132,47.985129,53
35590,"LES CHEMINS DE BABAOMBY","2013-05-15",-1.8716664,48.1386643,53
35600,"ASSOCIATION 'LES AMIS DE MIRANDAVA MADAGASCAR'","2004-03-29",-2.083938,47.650742,53
35620,"AADAM ASSOCIATION POUR L'AIDE AU DEVELOPPEMENT D'AMBOHIMAHASOA MADAGASCAR","1999-10-12",-1.560131,47.830016,53
35700,"ZANAKA MIARINARIVO","2011-06-07",-1.6576654,48.1269784,NA
35700,"EGLISE PROTESTANTE MALGACHE EN FRANCE - FIANGONANA PROTESTANTA MALAGASY ATY ANDAFY - FPMA RENNES","2003-04-15",-1.6547593,48.1361535,NA
35700,"EKILA - EZAKA HO AN'I KILONGA LOVA HO ANTSIKA","2014-02-27",-1.6533719,48.1322269,NA
35730,"ASSOCIATION HUMANITAIRE DE SOLIDARITE MADAGASCAR-AFRIQUE (A.H.S.M.A.)","1997-12-04",-2.0671876,48.5903196,53
35740,"SOLIDARITE AVEC MADAGASCAR","1992-04-09",-1.7848404,48.14947,53
35760,"LES ENFANTS D'ANKASINA","2000-02-14",-1.6823218,48.1508839,53
35780,"ACTION DE DEVELOPPEMENT ET D'INSERTION PAR LE TRAVAIL A MADAGASCAR -  A.D.I.T.M.A","2012-06-01",-2.0381584,48.6069347,53
35850,"MATANAMAD - MATERNITE D'ANALOVORY-ITASSY MADAGASCAR","2005-01-20",-1.7899509,48.2204102,53
36000,"ASTAFFETE","2009-05-15",1.6822722,46.8265876,24
36000,"FIANGONANA LOTERANA MALAGASY (FLM) ETO CHATEAUROUX EGLISE LUTHERIENNE MALGACHE DE CHATEAUROUX","2008-08-04",1.6972892,46.8002568,24
36330,"AINGAVAO","2005-12-12",1.7284486,46.7934143,24
37000,"ASSOCIATION 'SOLIDARITE MADAGASCAR TOURAINE'","2005-07-21",0.6834891,47.3878567,NA
37000,"RENEALA ASSOCIATION","2016-03-21",0.7042256,47.3869615,NA
37110,"ASSOCIATION CULTURELLE ET ARTISTIQUE JEMEA","2013-03-22",0.9228821,47.5884195,24
37260,"ENSEMBLE POUR MADAGASCAR","2015-04-02",0.5832916,47.270477,24
37300,"'TOURAINE MADAGASCAR'","1996-03-25",0.6568321,47.3544883,24
37360,"'AIDONS CHARLES'","1996-09-12",0.5810828,47.4995935,24
37510,"ASSOCIATION TOURANGELLE DES ORIGINAIRES DE MADAGASCAR ( A.T.O.M.)","1990-03-06",0.6136674,47.3359231,24
37530,"FRANIMADA - VITRIKA","2008-09-15",1.0418263,47.4599381,24
37550,"ASSOCIATION CAP DIEGO SANTE","1995-11-15",0.7265975,47.3598038,24
37700,"TOURAINE - MANAOVASOA","2002-02-20",0.7252596,47.3950338,24
38000,"EGLISE LUTHERIENNE MALGACHE EN FRANCE DE GRENOBLE","2003-01-20",5.7178826,45.1856179,NA
38000,"AIDE ET SOUTIEN AUX FAMILLES DE MADAGASCAR (A.S.F.M.)","1996-10-01",5.7381556,45.1916488,NA
38000,"APPEL DES ETUDIANTS MALGACHES DE L'ISERE (APPELEMI)","2006-11-06",5.7311461,45.1966269,NA
38000,"MADAGASCAR - UNE ECOLE POUR TOUS (EPT)","2014-12-22",5.7184271,45.1870294,NA
38000,"LELINAT (LES ENFANTS DE L'ILE AUX NATTES)","1997-10-02",5.7054592,45.1868806,NA
38120,"ANTSIKA ENSEMBLE","2008-02-27",5.6969423,45.2797303,82
38130,"TSARARIVOTRA","2008-03-11",5.7272857,45.156362,82
38130,"ASSOCIATION REUNION MADAGASCAR DE GRENOBLE",NA,5.7170604,45.1586071,82
38150,"LE CHAMPCALOT","1991-01-17",4.887194,45.3818305,82
38190,"S.E.M.E.R SCOLARISER LES ENFANTS MALGACHES POUR ECLAIRER LEUR ROUTE","2015-07-20",5.8819071,45.2323079,82
38200,"ENFANTS DE TANA","2008-12-02",4.8648602,45.5120703,82
38240,"FIAINANA MIA TSARA (FI.MI.TSA)","2010-11-02",5.7800302,45.2086014,82
38240,"ESPERANCE ET PARTAGE, FANATENANA SY FIZARANA","2009-10-15",5.8022101,45.2159009,82
38240,"MIRAY MEYLAN MADAGASCAR (ENSEMBLE MEYLAN MADAGASCAR)","2004-09-21",5.778658,45.222269,82
38260,"RENIALA","1998-02-25",5.2259537,45.428492,82
38340,"MADAVELONA","1999-03-15",5.6411208,45.3064438,82
38400,"PROJET SOLIDAIRE UNIVERSITAIRE MADAGASCAR","2017-01-08",5.7744923,45.1986223,82
38400,"""GROUPE FOLKLORIQUE MALGACHE DIT """"""""MIRANDAVA""",NA,5.7576612,45.1683,82
38400,"COMMUNAUTE CATHOLIQUE MALGACHE DE GRENOBLE (C.C.M.GR.)","2008-03-28",5.747987,45.1653163,82
38450,"NAMANA","2005-02-25",5.7016308,45.0387171,82
38510,"MAIN DANS LA MAIN AVEC MADAGASCAR","2008-03-21",5.5021475,45.699933,82
38620,"ENFANTS DES RUES DE MADAGASCAR","2006-08-16",5.7098449,45.484358,82
38700,"ASSOCIATION SERVICE MISSIONNAIRE ANTSIRABE MADAGASCAR","1994-01-19",5.7445781,45.2080964,82
38700,"AMIS DE L'EGLISE CATHOLIQUE APOSTOLIQUE ET ROMAINE D'ANTSIRABE",NA,5.7445781,45.2080964,82
38700,"ASSOCIATION POUR LE DEVELOPPEMENT DES TRANSPLANTATIONS RENALES INTRA FAMILIALES A MADAGASCAR (ADETRIF - MAD)",NA,5.7541851,45.2108035,82
38850,"GYM FORME ET BIEN ETRE","2004-02-02",5.5513585,45.4169825,82
39230,"ASSOCIATION ZAZA","2012-12-12",5.616574,46.8005001,43
39570,"ASSOCIATION AMITIES MADAGASCAR FRANCE (REGION FRANCHE-COMTE)","1993-06-22",5.5100449,46.6894808,43
40000,"MDM FOR MADA","2014-05-09",-0.4998383,43.9014668,72
40000,"LES BOUCHONS D'AMOUR '40'","2004-11-25",-0.499782,43.893485,72
40190,"…TUDIANTS EN SOINS, AIDE HUMANITAIRE ¿ MADAGASCAR","2016-04-05",-0.3150829,43.8832709,72
40240,"NOMENA MADAGASCAR","2006-10-05",-0.231485,43.980282,72
40280,"SOLIDARITE ACTION MADAGASCAR / LANDES","2006-02-01",-0.518177,43.8857741,72
40800,"L'AMRA","2006-03-06",-0.2710212,43.6906839,72
41000,"ALTERNALINE","2009-03-23",1.3434047,47.598598,24
41000,"HIARAKA MIASA ISIKA","2006-05-22",1.3165153,47.5856461,24
41000,"ASSOCIATION DE SOUTIEN AU FOYER MARIE VIRGINIE DE MAHAJANGA (A.S.F.M.V.M)","2006-03-30",1.3347117,47.5880938,24
41400,"MIZARA","2012-07-24",1.1915879,47.341062,24
41600,"ASSOCIATION MIMOSA","2009-03-03",2.0273724,47.6062156,24
41700,"FANANTENANA","2013-02-11",1.45755,47.5087504,24
42000,"MADA ' EIDE","2015-11-03",4.3981748,45.4382014,NA
42000,"UN SOLEIL POUR MADA","2015-10-12",4.3899956,45.4378139,NA
42000,"MEDILAC","2008-01-16",4.3815139,45.4585904,NA
42100,"TSIRIRY","1993-06-23",4.4221627,45.4209774,NA
42100,"RECUP D'OKAZ","2005-01-25",4.4003171,45.4180938,NA
42155,"HORIZON POUILLY-LES-NONAINS","2004-03-23",3.9789859,46.0389687,82
42210,"LES VELOS D'AMBALAKILONGA L.V.D.A","2008-03-14",4.2562939,45.689199,82
42270,"A. I. P. A. D. E. : AIDE AUX PAYS DEFAFORISES","2007-10-02",4.3706788,45.4780787,82
42300,"ASSOCIATION TAFITA SOLIDARITE AVEC LES ENFANTS DEMUNIS D'AMPEFY MADAGASCAR (TAFITA SOLEDAM)","2013-02-08",4.057155,46.0402055,82
42320,"ACTION FITIAVANA","2001-08-03",4.5894,45.445921,82
42410,"DECODOKAZ","1993-10-20",4.632894,45.364886,82
42570,"AINASOA, UNE VIE MEILLEURE","2003-11-28",4.3694925,45.5281302,82
42600,"MADAGASCAR DEVELOPPEMENT","2005-11-02",4.158177,45.5852305,82
42600,"EGLISE PROTESTANTE MALGACHE (FPMA) SAINT ETIENNE","1993-12-14",4.0731466,45.605599,82
43000,"""""""""""SOLIDARITE MADAGASCAR/RHONE-ALPES-AUVERGNE""""""""""","2006-12-19",3.8825112,45.0411873,83
43350,"MADAM'GASCAR ET SES ELEVES","2006-04-24",3.803445,45.1911289,83
44000,"ARO - MADAGASCAR","2001-05-17",-1.5912596,47.2095256,NA
44000,"SOLIDARITE MADAGASCAR LOIRE ATLANTIQUE","2007-07-26",-1.5637106,47.2207613,NA
44000,"TAKALO","2006-05-19",-1.5716031,47.2261176,NA
44000,"ASSOCIATION MALAGASY DES PAYS DE LA LOIRE","1985-05-29",-1.5453506,47.2201167,NA
44000,"ASSOCIATION RENAISSANCE A MADAGASCAR","1992-01-22",-1.5513639,47.2530861,NA
44000,"MANAKALO","2003-03-28",-1.5522929,47.2448429,NA
44000,"CAISSE DES PAUVRES AMAZONIE-MADAGASCAR","2009-02-09",-1.5430153,47.2217874,NA
44000,"EGLISE PROTESTANTE MALGACHE EN FRANCE A NANTES (FPMA NANTES)","1996-04-22",-1.5641395,47.2193639,NA
44000,"MADA-SOA","2013-10-23",-1.531444,47.2205972,NA
44000,"C.S.F. COMPETENCES SANS FRONTIERES","2002-06-25",-1.56869,47.2409864,NA
44100,"KALOM-BALIHA","2012-03-23",-1.5893372,47.2302249,NA
44100,"KANT'ART","2011-12-22",-1.577505,47.2028385,NA
44115,"METISMALAGASY","2007-06-08",-1.4491612,47.2173601,52
44200,"NANTES ESPOIR MADAGASCAR","2002-03-04",-1.5390294,47.204203,NA
44200,"ENFANCE ACTIONS MADAGASCAR 'ZAZA MALAGASY'","2000-03-29",-1.5382416,47.203753,NA
44200,"RENY TANORA MALAGASY SY TANORA NANIA","2015-01-29",-1.564744,47.2071952,NA
44200,"LES AMIS D HANDRI","2006-08-03",-1.5412209,47.2035756,NA
44200,"MADAGASCAR SOLIDARITE DEVELOPPEMENT(MADAGASCAR SOLIDEV)","2002-03-28",-1.5459091,47.1999243,NA
44210,"NOSY MITARIKA (ASSOCIATION FRANCE SAINTE MARIE DE MADAGASCAR)","2009-06-19",-2.1035791,47.1183309,52
44240,"LES ENFANTS DE LA GRANDE ILE","1996-10-15",-1.5313299,47.3444446,52
44260,"TRANS-MAD' DEVELOPPEMENT","1997-06-10",-1.8684166,47.3384366,52
44260,"ASSOCIATION LES AMIS DE MADAGASCAR","1985-03-13",-2.0069849,47.383825,52
44300,"LES AMIS DE L'ISSANDRE","1993-08-06",-1.540971,47.246828,NA
44300,"LES DECOUVERTES A MADAGASC'ARTS","2015-07-17",-1.5743924,47.2460751,NA
44300,"ENVOL","2016-12-15",-1.5532411,47.2461826,NA
44300,"MANAO SOA","2010-10-12",-1.5812969,47.2401335,NA
44300,"ASSOCIATION FORT-DAUPHIN.ORG","2015-01-27",-1.510005,47.2442812,NA
44300,"BELO SUR MER","2009-03-23",-1.5227768,47.2321895,NA
44330,"LE MAQUIS ET LE LAPIN","2014-11-21",-1.3431334,47.1789307,52
44330,"FANANTENANA","2008-05-05",-1.2625399,47.176131,52
44340,"IZAO","1998-03-09",-1.6329042,47.1794872,52
44470,"ASSOCIATION LOIRE-ATLANTIQUE DES FRANCAIS RAPATRIES DE MADAGASCAR","1979-06-30",-1.4396475,47.2672888,52
44470,"ASSOCIATION MADAGASCAR ENTRAIDE - AME","1999-11-24",-1.486812,47.296241,52
44470,"ASSOCIATION ZANAKA","2003-11-14",-1.5000309,47.2831334,52
44500,"LA MAISON MALAGASY","1999-01-22",-2.4049472,47.283821,52
44600,"EZAKA RAFIA MADAGASCAR","2006-06-27",-2.2500032,47.2675319,52
44600,"AMICALE OCEAN INDIEN DE SAINT-NAZAIRE","2008-01-29",-2.2620927,47.2588853,52
44680,"VAHY","1989-02-22",-1.8164372,47.10025,52
44700,"FIANARANA PARAINNAGE","2011-09-23",-1.6297501,47.2611847,52
44800,"ASSOCIATION DES JOUEURS DE TENNIS MALGACHE","1983-09-21",-1.6139754,47.2137863,52
44860,"ACTION DES INTELLECTUELS POUR LE DEVELOPPEMENT EFFECTIF DU SAMBIRANO AMBANJA MADAGASCAR (A.I.D.E.S.)","2000-12-13",-1.5783786,47.1285587,52
44860,"SOLIDARITE PECHE MADAGASCAR","1999-10-07",-1.5783786,47.1285587,52
45000,"ASSOCIATION DES ETUDIANTS ET STAGIAIRES MALGACHES D'ORLEANS","1978-11-22",1.9157977,47.9108329,NA
45000,"EGLISE PROTESTANTE MALGACHE EN FRANCE .FPMA.ORLEANS.","1980-03-07",1.9157977,47.9108329,NA
45000,"AWELY","2005-04-06",1.9057439,47.9010507,NA
45000,"UN GESTE POUR L'UNIVERSEL","2007-06-11",1.9157977,47.9108329,NA
45000,"ASSOCIATION ETIENNE DE FLACOURT","1996-04-01",1.8959915,47.91078,NA
45000,"FIANGONANA LOTERANA MALAGASY ETO ORLEANS","2006-03-15",1.9157977,47.9108329,NA
45140,"'MISSION, ESPOIR ET DIGNITE POUR MADAGASCAR' DITE 'MEDIMA 2000 VAL DE LOIRE'","2002-05-23",1.8642391,47.898247,24
45160,"AMITIE MADAGASCAR INTERNATIONAL AMT","1974-03-07",1.9017886,47.8458538,24
45210,"FETYBE","2007-02-14",3.0104415,48.1224531,24
45300,"RAKOTOVAO","2006-04-07",2.253916,48.1712462,24
45300,"COEUR DE L'ILE","2011-12-26",2.2287913,48.0836861,24
45340,"ASSOCIATION D'AIDE A LA JEUNESSE DU VONIZONGO","2013-09-17",2.3279708,48.0244227,24
45360,"DOUDOU-GANDHY ASSOCIATION","2012-08-20",2.7428812,47.5906957,24
45380,"SEKOLY HO AN'NY REHETRA (L'ECOLE POUR TOUS)","2006-06-07",1.8530039,47.8943471,24
45400,"ASSOCIATION ZAZAN'I MANDRATO","2016-06-18",1.919617,47.9268606,24
45500,"LES ENFANTS DE LA TERRE ROUGE","2015-04-03",2.6326541,47.6864166,24
45750,"LES AMIS DE LA TERRE ROUGE","2002-06-25",1.8825393,47.8893129,24
46090,"DESSINE-MOI UN ZEBU","2005-05-13",1.375393,44.5122532,73
47140,"ASSOCIATION FRANCO-MALGACHE POUR LE DEVELOPPEMENT DE LA NEUROLOGIE A MADAGASCAR","2012-07-19",0.814861,44.388363,72
47300,"RENC'ART","2016-02-23",0.7227206,44.4061194,72
47360,"VISA POUR MAROVAZA BE","2000-03-02",0.524396,44.270902,72
47450,"AMADEA","1992-02-13",0.5890211,44.2197357,72
48000,"MENDIEGO","2007-08-20",3.5032702,44.5176105,91
48110,"AIDE-ESPOIR-INDE-MADAGASCAR","2013-06-13",3.766385,44.227018,91
49000,"ASSOCIATION DADABE","2005-09-15",-0.5816718,47.4738244,52
49000,"MEDICAVIE","2004-10-26",-0.517146,47.501835,52
49000,"RAVINTSARA","2013-04-19",-0.5992236,47.473624,52
49000,"L'ASSO - GASY","2002-01-18",-0.5886365,47.4788125,52
49000,"RAVINALA CHORALE DES ETUDIANTS MALGACHES D'ANGERS","1987-02-20",-0.5579948,47.4448396,52
49000,"EXOTIC-OUEST ANGERS MADAGASCAR","2005-01-24",-0.517146,47.501835,52
49000,"DIEGO SUAREZ CULTURE (D/S CULTURE)","2015-08-20",-0.5875885,47.4786802,52
49100,"MADAGASCAR ' PATRIMOINE ET CULTURE'","2007-02-21",-0.5344785,47.4692774,NA
49100,"ASS. CODEV FRANCE-MADA CODEVELOPPEMENT ENTRE LA FRANCE ET MADAGASCAR","2008-05-14",-0.5606507,47.4734649,NA
49100,"AVENIR MADAGASCAR","1996-02-07",-0.5568973,47.4668533,NA
49124,"LES ENFANTS DE TSINJOARIVO","2000-10-25",-0.4335137,47.4982836,52
49270,"TRANSMA",NA,-1.2638726,47.3376918,52
49300,"LES AMIS DU POINT DU JOUR","2012-03-12",-0.894465,47.055529,52
49300,"ANKIZY MITSIKY, ASSOCIATION DES ENFANTS QUI SOURIENT","2015-02-25",-0.8797987,47.06342,52
49300,"'UNE ECOLE POUR MADAGASCAR' AMITIE FRANCO-MALGACHE","2005-09-08",-0.8819963,47.0623797,52
49380,"ASSOCIATION MADAVIN","2013-09-11",-0.4817145,47.2602096,52
49440,"TOHANA","2007-03-27",-1.135671,47.517062,52
49450,"ASSOCIATION POUR LE DEVELOPPEMENT DE L'ARTISANAT ET DES ARTISTES DE MADAGASCAR (A. D. A. A. MAD)","2006-02-22",-1.0680893,47.0918993,52
49640,"' ZAZAKELY - LES ENFANTS DE MANAMBATO '","2005-10-05",-0.3576916,47.7015892,52
50000,"LES SYMPATHIQUES AMBASSADEURS MOBILES DU BIEN ETRE PAR LES AROMATES - SAMBA","2005-11-08",-1.0793944,49.1155316,25
50000,"ACTION SOLIDARITE MADAGASCAR / MANCHE-CALVADOS","2005-07-18",-1.0849807,49.1154628,25
50000,"SARY MADAGASCAR-UN DESSIN POUR UN DON","2016-06-07",-1.0857905,49.1166753,25
50110,"LES AMIS DE L ILE SAINTE MARIE A MADAGASCAR","2008-08-07",-1.5066887,49.6588403,25
50470,"MANCHE - MADAGASCAR - READAPTATION","1999-11-26",-1.6010228,49.6172371,25
50640,"KINTANA DE MADAGASCAR","2012-11-20",-0.873507,48.539327,25
51100,"AVENIR ENFANTS MALGACHE","2011-09-28",4.0513185,49.2480115,21
51100,"ASSOCIATION POUR LA CREATION DE CENTRES D'EDUCATION SCIENTIFIQUE A MADAGASCAR AXES SUR LE DEVELOPPEMENT (ACCESMAD)","2003-12-17",4.0240226,49.255091,21
51100,"GROUPE UNIVERSITAIRE FRANCO MALGACHE DE CHAMPAGNE","1965-02-02",4.0484312,49.2447878,21
52370,"ASSOCIATION DE RENNEPONT A MANDISO","2008-02-26",4.8564792,48.1484539,21
53000,"COUP DE POUCE A MADAGASCAR","2001-01-10",-0.7708326,48.064489,52
53000,"SOLIDARITE ENFANTS DE TULEAR","2007-01-05",-0.7845543,48.0619493,52
53000,"SOSASCO","2011-06-17",-0.7446081,48.058541,52
53000,"ASSEMBLEE PROTESTANTE MALGACHE DE LAVAL","2010-05-20",-0.7774008,48.0770747,52
53000,"NOSY MENA","2008-01-23",-0.7731585,48.070227,52
53000,"AMBEOKA","2006-12-18",-0.7527359,48.0803458,52
53100,"FRATERNIT… - AMAFISOA","2013-10-15",-0.6211775,48.3062606,52
53100,"FANIRY MADAGASCAR - FANIMAD","2016-09-01",-0.6092389,48.3059691,52
53200,"REBOISER A MADAGASCAR","2011-03-21",-0.7067647,47.8260435,52
53410,"MISYVARY","2005-05-09",-0.9238302,48.1494031,52
54000,"MADAGASCAR EXPERIMENT","2007-06-28",6.1848725,48.6903068,41
54000,"NOFY MALGACHE","2014-11-17",6.1761485,48.6757143,41
54000,"TANORA MIRAY","2005-12-20",6.1780851,48.6996638,41
54000,"MADAGASCAR EXPERIMENT","1999-05-28",6.1845512,48.6885257,41
54000,"MADAGASCAR 1998","1998-03-23",6.1862991,48.6942501,41
54000,"COLORIE MA VIE","2010-05-06",6.1692928,48.6865166,41
54000,"MADA54","2009-03-02",6.1848725,48.6903068,41
54000,"AMITIES FRANCO-MALGACHES DE NANCY-LORRAINE","2001-06-15",6.1707493,48.6838477,41
54110,"AMITIE LORRAINE MALGACHE FITIA LORRAINE TANALE","1988-02-16",6.3493515,48.6230544,41
54200,"SOLOFO SY DIMBY","2011-12-14",5.8349107,48.7193735,41
54220,"LORRAINE-MENABE","2011-01-18",6.1836199,48.7178721,41
54280,"LE BAOBAB DE MAJUNGA","2013-03-21",6.2755722,48.7142727,41
54300,"LA CASE EN FALAFA","2013-11-19",6.4991747,48.5893261,41
54400,"MAKALOMBO","2003-01-13",5.7685558,49.5145145,41
54450,"L'ENVERS DU MONDE","2009-06-26",6.7435428,48.5979685,41
54500,"SURVIVRE A MADAGASCAR (S.A.M.)","1992-02-05",6.1800689,48.6708202,41
54500,"ASSOCIATION POUR L'AIDE AUX DESHERITES DE TULEAR ET DE SA REGION","2013-11-12",6.1781402,48.655553,41
54500,"S.O.S. LORRAINE MADAGASCAR","1991-09-05",6.1715985,48.6636447,41
54520,"ACTION POUR UN TRAVAIL DE SOLIDARITE ET D'INFORMATION A MADAGASCAR (ATSIM')","2001-02-22",6.154082,48.681668,41
55000,"""ASSOCIATION CULTURES ET VOYAGES """"""""MEUSE - MADAGASCAR""""""""""","1996-04-11",5.1711244,48.7818687,41
55000,"MAMONJY - MADAGASGAR","2003-12-18",5.158238,48.773605,41
55000,"A.E.M. (AIDONS LES EXCLUS DE MADAGASCAR)","2014-09-03",5.0855986,48.6865538,41
55100,"AMITIE FANATENANA MADAGASIKARA","2009-05-18",5.3925189,49.1550752,41
55100,"AFRICA-MADA-BRAS","2007-10-24",5.3746524,49.2113411,41
55100,"ASSOCIATION DES PAYS DU SOLEIL","2011-06-07",5.3771242,49.210029,41
56000,"MADAGASCAR : ESPOIRS, SOLIDARITE (M.E.S.)",NA,-2.7929305,47.6559178,53
56100,"MADAGASCAR 2000","1999-12-09",-3.3927679,47.7490218,53
56100,"ASSOCIATION 'VALIHA' AMITIE FRANCE-MADAGASCAR FIRAISAN-KINA FRANSAY MALAGASY","1995-10-30",-3.3606146,47.7582041,53
56170,"ENTRE MER ET TERRE","2012-02-22",-3.1228504,47.4940387,53
56200,"AFRIQUE BRETAGNE SOLIDARITE - NATHANAEL","2004-06-24",-2.1424949,47.772819,53
56230,"SAPAT","2016-03-14",-2.4361491,47.7336249,53
56250,"AFRO BREIZH EXOTIQUE DE FRANCE","2012-09-27",-2.5941722,47.7267549,53
56260,"ASSOCIATION LARMOR-PLAGE ANTSIRABE","1998-03-04",-3.3866126,47.7157514,53
56290,"RAVINTSARA","2005-03-29",-3.3474241,47.7102626,53
56300,"PONDI-MADA","2016-04-18",-2.9782705,48.0592131,53
56300,"ASSOCIATION CARTON ROUGE AU TRAVAIL DES ENFANTS ET AU TOURISME SEXUEL","2009-04-21",-2.9788477,48.066303,53
56300,"ACE (AIDONS LES CHEZ EUX)","2017-02-03",-2.9663269,48.0638188,53
56310,"COLIVIE","2002-02-25",-3.1731486,47.9633256,53
56370,"RHUYS ESPOIR MADAGASCAR","2005-02-01",-2.770467,47.5273476,53
56400,"SOLIDARITE EFFORT TEMOIGNAGE AURAY MADAGASCAR","1995-03-08",-2.9961736,47.6677297,53
56400,"KENGRED-SOLIDARITE MADAGASCAR","2010-10-18",-2.955118,47.685653,53
56450,"ASSOCIATION BAMBOUZ ' HOMES","2007-03-19",-2.6537375,47.6251334,53
56510,"ACTIONS-MORBIHAN-MADAGASCAR AMM","2002-02-26",-3.1346123,47.5361769,53
56530,"ASSOCIATION COULEURS TROPIQUES",NA,-3.4125387,47.7845835,53
56550,"MADABREIZH","2008-07-10",-3.149622,47.719896,53
56660,"AMITIES BREVELAISES ANTSIRABE MADAGASCAR","2012-09-04",-2.72258,47.844239,53
56700,"LES ENFANTS QUI PLEURENT","2015-11-18",-3.2551569,47.8030299,53
56950,"LES AMIS DE MIADANTSOA","2009-07-01",-3.0131164,47.6320683,53
58000,"AMITIE MALGACHE-NIVERNAISE","2006-08-03",3.162845,46.990896,26
58660,"JUSTICE POUR DAVIDA RAJAON (ASSOCIATION DE DEFENSE ET DE SOUTIEN A DAVID RAJAON)","2007-07-09",3.193201,47.0090346,26
59000,"CONSTRUISONS POUR MADAGASCAR","2007-10-15",3.045104,50.6337259,NA
59000,"AFRIQU ' ENFANCE","2011-09-21",3.0451137,50.6353034,NA
59000,"HETSIKA (ACTION)","2010-12-03",3.0568062,50.6416876,NA
59000,"SOL ' IDAIRE","2009-11-03",3.0322124,50.626165,NA
59000,"TERRASSE KILONGA","2014-08-19",3.0897368,50.6253201,NA
59000,"EGLISE PROTESTANTE MALGACHE EN FRANCE-LILLE (FIANGONAVA PROTES- TANTA MALAGASY ATY ANDAFY LILLE) F.P.M.A. LILLE","1982-01-21",3.0648211,50.6287749,NA
59000,"GRAIN D'ESPOIR","2008-01-10",3.0527289,50.6288684,NA
59000,"INTER' SOLIDARITE","2010-10-28",3.0526834,50.6209696,NA
59000,"CLIQUE ET SOURIS !","2004-10-25",3.0273685,50.6173145,NA
59100,"ENFANTS DU SOLEIL '' ZANAKA MASOANDRO''","1999-09-22",3.1777218,50.6897698,31
59100,"ENFANTS DU SOLEIL ZANAKA MASOANDRO","2000-07-18",3.177077,50.6895399,31
59113,"ACTIONS POUR ANKA","2008-10-09",3.0296566,50.5459493,31
59130,"VIAVIN'I GASIKARA MIRAY","2013-10-30",3.0050801,50.6511873,31
59130,"RADIO MALALAIKA","1985-02-20",3.0108848,50.655476,31
59130,"JOINDRE L'HUMANITAIRE A L'AGREABLE","2004-03-22",3.0174185,50.6472346,31
59130,"PROTANINDRAZANA EUROPE","2013-03-11",3.0055705,50.6508582,31
59130,"EDUMADA","2016-06-17",3.0276806,50.6526007,31
59140,"FRATERNITE TOUT HORIZON","2001-09-22",2.364841,51.0272803,NA
59170,"NOSY MADAGASIKARA","1994-11-02",3.1587885,50.6847727,31
59198,"(MAURICE MADAGASCAR REUNION EUROPE) M.M.R. - EUROPE",NA,3.4151237,50.2575264,31
59200,"HAY GASY !","2012-04-27",3.155416,50.7146354,31
59200,"TERRE AIR MER MADAGASCAR","2013-04-18",3.1442795,50.6947568,31
59220,"LA MAISON MALGACHE (TERRE AU COEUR ROUGE)","2010-12-13",3.4188635,50.3319549,31
59235,"LES AMIS DE SOEUR MARIE-BAPTISTINE","2012-01-03",3.1385668,50.4772707,31
59260,"ASSOCIATION FRANCE AFRIQUE MADAGASCAR POUR UN DEVELOPPEMENT DURABLE AFAMADD","2007-08-29",3.1028246,50.6324838,31
59290,"NORD MADAGASCAR ' NOMAD '","1992-08-05",3.1265132,50.6654723,31
59290,"SOCI…T… AFRICAINE DES SCIENCES DE L'INFORMATION ET DE LA COMMUNICATION (SAFSIC)","2015-11-02",3.1176103,50.6618041,31
59290,"ORPHAGASCAR","2002-12-02",3.1415961,50.686735,31
59300,"ASSOCIATION POUR LE DEVELOPPEMENT ECONOMIQUE DE MADAGASCAR ET DU BOENY","2010-11-09",3.5221418,50.3434207,31
59320,"M'MADAGASCAR","2011-04-22",3.0007534,50.5930954,31
59320,"ZANAK'I MADAGASIKARA AMPIELEZANA (ZAMA)","2016-12-16",2.995874,50.6162218,31
59320,"TRIMOBE NORD TRIBUNE POUR LA MISE EN OEUVRE D'UNE BIBLIOTHEQUE ELECTRONIQUE DANS LE NORD","2008-07-10",2.995874,50.6162218,31
59370,"ASSOCIATION DES ETUDIANTS MALGACHES SOLIDAIRES 'MIRAY AINA' REGION NORD","1985-10-02",3.1180223,50.6408799,31
59370,"ASSOCIATION SOCIO CULTURELLE FANDRESENA","2005-05-26",3.1087345,50.6384118,31
59420,"MADAGASC'ART","2005-12-20",3.1461864,50.7076311,31
59440,"LA RIBAMBELLE","1995-03-06",3.9381623,50.17593,31
59491,"NDAO-MONDE UNI","2005-01-07",3.1557591,50.6391277,NA
59491,"MAD'MOZIK","2004-12-10",3.1479334,50.6242327,NA
59500,"PORTFOLI'EAU POUR MADAGASCAR","2004-12-03",3.0744372,50.3653794,31
59500,"LUMIERE SUR ANJAJAVY","2002-10-22",3.0755124,50.3645382,31
59510,"ZAZAKELY DU SOLEIL","2005-03-01",3.1838173,50.6687928,31
59620,"CLUB FRAN<c7>AIS DU COMBATTANT COU NU DE MADAGASCAR - CFCM","2016-04-20",3.8528654,50.2035426,31
59650,"ASSOCIATION CHRETIENNE D'ASSISTANCE A MADAGASCAR NU AKAMA","1982-05-23",3.1375105,50.6213086,NA
59650,"VATOSOA","1996-06-05",3.1295049,50.6227597,NA
59650,"ANKIZI, POUR LE BONHEUR DES ENFANTS MALGACHES","2016-02-16",3.1263292,50.6275863,NA
59650,"MAD'ORIGINE, ASSOCIATION D'AIDE AU DEVELOPPEMENT DES SECTEURS DU TOURISME ET DE L'HOTELLERIE A MADAGASCAR","2004-12-10",3.1376695,50.6214736,NA
59650,"POUSSE POUSSE MADAGASCAR UN COUP DE POUCE AUX JEUNES POUSSES MALGACHES","2006-02-01",3.1376695,50.6214736,NA
59650,"DINA MADA","2014-12-23",3.1360552,50.6402576,NA
59706,"UN FILLEUL POUR MADAGASCAR","2000-07-11",3.0912497,50.6737332,NA
59770,"RAVENALA","2013-07-05",3.5548897,50.3438863,31
59800,"UN FILLEUL POUR MADAGASCAR (TRANSFEREE EN SOUS-PREF DE DOUAI LE 22/10/03 SOUS LE N∞ 7211)","2000-07-11",3.0465532,50.6354803,NA
59800,"ASSOCIATION FRANCAISE CHINE - CEYLAN - MADAGASCAR","1924-04-04",3.0502579,50.6295356,NA
59800,"HORIZON MALGACHE","1987-12-30",3.0589523,50.6126982,NA
59800,"LES PORTES DE MADAGASCAR","2001-11-16",3.039779,50.6320125,NA
59800,"ASSOCIATION FRANCO-AFRIQUE- MADAGASCAR","2001-02-07",3.0596599,50.6455814,NA
59850,"NORD AIDE MADAGASCAR - NAM","2008-10-31",2.8221098,50.6858358,31
59920,"AVENIR MEILLEUR POUR LES ENFANTS DEFAVORISES DE MADAGASCAR (AMEDM)","2015-03-25",3.6744245,50.4036798,31
59960,"LES ENFANTS D'ANKAZO","2009-10-02",3.1761508,50.7498432,31
59990,"MADA-BEMIRAY","2005-01-14",3.5732647,50.311475,31
60000,"ASSOCIATION 'COUP DE POUCE' FRANCO MALGACHE","2002-08-20",2.0911326,49.4355487,22
60100,"EGLISE PROTESTANTE MALGACHE 'F.P.M.A.-CREIL'","2003-04-23",2.4767848,49.2529366,22
60100,"ASSOCIATION MALGACHE BASEE SUR L'ENTRAIDE ET L'OUVERTURE CULTURELLE (A.M.B.E.O.C)","1999-10-11",2.4457537,49.2722276,22
60100,"ZINNIA","2012-08-30",2.4841242,49.2647884,22
60110,"GAONA ZANAK'ALAOTRA","2010-05-17",2.1259678,49.2455762,22
60180,"ASSOCIATION RENCONTRE CULTURE FRANCO-MALGACHE (AS-RC-FM)","2004-07-27",2.4682066,49.266391,22
60510,"FRANCE EUROPE MADAGASCAR","1987-06-03",27.4309067,-11.633126,22
60570,"AGRICULTURE ET DEVELOPPEMENT DURABLE A MADAGASCAR (A.D.D.M)","2015-04-01",2.1610869,49.2904974,22
60740,"ASSOCIATION DES NATIFS ET AMIS DE LA PROVINCE DE TAMATAVE EN EUROPE","2011-11-30",6.6276334,43.3039772,22
60740,"NOSIN'NY ANKIZY","2000-07-26",2.4382178,49.2222595,22
61000,"SOLIDARITE ACTION MADAGASCAR ORNE","2005-06-29",0.0897735,48.4312882,25
61200,"ESPOIR DE MADAGASCAR","2003-09-30",-0.0347537,48.7355757,25
62000,"TANTELY SOA - MADAGASCAR","2010-08-27",2.7834058,50.2911802,31
62000,"MAHOMBY  ¿ MANANJARY","2011-03-07",2.7407392,50.2969437,31
62123,"ARRAS SOLIDARITE MADAGASCAR (ASM)","2007-04-26",2.6138913,50.2269701,31
62130,"APIMADAGASCAR","2014-02-08",2.3533695,50.4270081,31
62138,"ASSOCIATION DU QUARTIER MADAGASCAR","2014-08-16",2.7789583,50.5055683,31
62140,"AVOTRA FRANCE","2001-06-16",2.0701434,50.4575362,31
62140,"ASSOCIATION ' LES AMIS DU MUSEE DE L'ABEILLE  - HUMANITE MADAGASCAR","1992-01-08",1.993406,50.381063,31
62144,"FOYER DE L ESPERANCE ANTENNE FRANCAISE",NA,2.6946163,50.3803736,31
62160,"ASSOCIATION HUMANITAIRE ARTOIS MADAGASCAR","1993-06-01",2.7365608,50.4491143,31
62199,"TAFITA -LA REUSSITE ASSOCIATION FRANCO-MALGACHE D'ENTRAIDE <c2> LA REUSSITE","2003-11-17",2.5863662,50.5051419,31
62199,"ASSOCIATION LALETTE","2015-06-12",2.5863662,50.5051419,31
62200,"LA PETITE MAISON MALGACHE","1996-10-22",1.613334,50.725231,31
62230,"LES CH'TIS MADAGASCAR","2008-10-21",1.5915763,50.712319,31
62480,"LE PORTEL MALAGASY","1995-12-22",1.576772,50.7074209,31
62500,"UN ESPOIR POUR MADAGASCAR","2000-02-08",2.252208,50.750115,31
62600,"MIMOZIKA","2001-01-07",1.5667653,50.4076785,31
62780,"""LALAO (LOCUTION MALGACHE SIGNIFIANT """"""""CAJOLE- LA"""""""")""","1997-07-17",1.6262832,50.506954,31
62850,"ALLIANCE MADAGASCAR","2001-05-28",1.8845387,50.7938609,31
63000,"TANORA","2013-11-22",3.0926126,45.7708448,NA
63000,"AVENIR SOLIDAIRE","2015-01-13",3.0972989,45.7585497,NA
63000,"FAHA-3","2013-09-04",3.1078136,45.7685155,NA
63000,"ROLAND MADAGASCAR 2011","2011-02-14",3.0828582,45.7740245,NA
63000,"AVOTRA AUVERGNE - AIDE ALIMENTAIRE, MEDICALE ET SCOLAIRE AUX ENFANTS ORPHELINS DE MADAGASCAR","2014-01-17",3.0825849,45.7684168,NA
63000,"ENSEMBLE VOCAL ANDRIANI (EVA)",NA,3.0930805,45.7614847,NA
63000,"ROLAND MADAGASCAR 2013","2012-07-23",3.0828582,45.7740245,NA
63140,"AIDE AUX ENFANTS DESHERITES DE MADAGASCAR (A.E.D.M.)","2000-04-05",3.066063,45.9198374,83
63260,"MAD.IN FRANCE","2001-10-10",3.2247983,46.0322097,83
63360,"AMITIES MADAGASCAR AUVERGNE (AMA)","2004-01-11",3.1512238,45.8336965,83
63540,"ASSOCIATION DES MALGACHES DE CLERMONT-FD (AMC RAVENALA)","1988-02-17",3.0978656,45.7335501,83
64000,"LES AMIS DE MADAGASCAR ET DES PYRENEES-ATLANTIQUES",NA,-0.3562279,43.3084794,72
64000,"BOIS  L'EAU  DE LA FONTAINE","2013-04-26",-0.3684534,43.3316105,72
64000,"FIZARANA -PARTENAIRE DE MADAGASCAR","2003-03-14",-0.3750486,43.3086386,72
64000,"VANILLE BIO SOLIDAIRE ET EQUITABLE MALAGASY","2008-07-07",-0.3699377,43.3031238,72
64100,"ESKOLAINA","2006-03-16",-1.4654547,43.4936108,72
64100,"MADA EUSKADI","2006-11-22",-1.471718,43.484306,72
64100,"LE MAKI","2001-02-28",-1.4517198,43.5032226,72
64190,"ENFANCE MALGACHE","2001-04-03",-0.7608531,43.3223763,72
64190,"COEUR A COEUR A MADAGASCAR","2009-04-09",-0.7831496,43.3225852,72
64200,"AIDE A L'ENFANCE MALGACHE ET AFRICAINE",NA,-1.5569047,43.4841927,72
64210,"RAVINALA","2004-01-22",-1.58426,43.44278,72
64340,"FIHAVANANA",NA,-1.4813008,43.5305645,72
64420,"MADAFRICA-SOLIDARITE","2005-11-10",-0.1915319,43.2664873,72
64500,"ASSOCIATION FRANCO MALGACHE 'MAZAVA'","1997-06-16",-1.6614916,43.3907376,72
64600,"ALPHA","2002-06-05",-1.5200292,43.4843307,72
64990,"L'ARBRE DU VOYAGEUR","2015-07-28",-1.411003,43.4647058,72
65000,"ASSOCIATION INDRATIA FRANCE","2007-02-21",0.0693184,43.2451751,73
65100,"ZAZAKEL, ENFANTS DE MADAGASCAR","2007-08-07",-0.082756,43.0758289,73
65360,"VANILLE ET PIMENT","2011-02-14",0.1178364,43.160695,73
66000,"LE COEUR SUR LA MAIN","2008-09-02",2.8971702,42.7082925,NA
66000,"ASSOCIATION DE SOUTIEN AU DEVELOPPEMENT DE MADAGASCAR",NA,2.889754,42.695552,NA
66300,"""ASSOCIATION """"""""MIMIFLO""""""""""","2007-12-11",2.7558026,42.6324408,91
66380,"RELAIS ENTRAIDE SOLIDARIT… FRANCO MALGACHE","2014-07-16",2.9117956,42.7477224,91
66400,"ASSOCIATION LES AMIS DE MADAGASCAR EN ROUSSILLON - ALAMAR","2010-01-28",2.7486973,42.4866042,91
66480,"IMMIGRATE- MADAGASCAR","2010-08-16",2.8073698,42.4909088,91
66740,"""""""""""FLEUR DE VIE""""""""""","1999-12-08",2.9347218,42.5224947,91
69001,"THERESE-FANANTENANA","2013-03-08",4.8377742,45.7706824,82
69002,"NOSYLANGUE","2005-04-08",4.8285661,45.7533551,82
69002,"UNION DES CONSULS D'AFRIQUE DE MADAGASCAR ET MAURICE (UCAM)","1996-07-08",4.8342602,45.7577027,82
69002,"ILE ROUGE NOSY MENA","2002-02-06",4.8359355,45.7600318,82
69002,"MALGINF","2016-02-21",4.8310256,45.7514687,82
69003,"LES AMIS DU CENTRE D'ACCUEIL ET DE TRANSIT DES JUMEAUX ABANDONNES (C.A.T.J.A.) - FRANCE","1994-10-05",4.8549207,45.7566059,82
69003,"LES AMIS DE L'ECOLE ANJARASOA","2011-12-13",4.8485566,45.7629188,82
69004,"LYON MADAGASCAR ENVIRONNEMENT (LME)","2008-03-04",4.8324427,45.7791573,82
69004,"EVA MADAGASCAR : EDUCATION A LA VIE, A L'AMOUR","2012-02-28",4.8144398,45.7722472,82
69004,"ZANAKA AM PIELEZANA ATY FRANTSA TRANOVATO AMBOHIMALAZA FIRAISANA (RASSEMBLEMENT EN FRANCE DES NATIFS DE L'EGLISE TRANOVATO AMBOHIMALAZA FIRAISANA)","1998-01-07",4.8119486,45.7761146,82
69005,"JAKARANDA","1995-03-15",4.8248023,45.7579603,82
69005,"URGENCE MADA LYON","2001-10-19",4.792937,45.7629911,82
69006,"MADAGASCAR RHONE ALPES","1994-11-02",4.851538,45.7646946,82
69006,"LA CHAINE HUMAINE","2009-06-09",4.8676446,45.7664439,82
69007,"ASSOCIATION RASSEMBLEMENT POUR MADAGASCAR (ARPM)","2016-05-05",4.8277174,45.7355383,82
69007,"SINY BE (ASSOCIATION MALGACHE DU RHONE)","2003-07-29",4.8376662,45.7321935,82
69007,"ASSOCIATION DES CATHOLIQUES MALGACHES DU RHONE","1985-12-17",4.8411714,45.752872,82
69008,"ASSOCIATION HUMANITAIRE FRANCO MALGACHE (AHFM)","2002-04-18",4.8551301,45.7365119,82
69008,"L'HYGIENE POUR GRANDIR (HPG)","1998-03-10",4.8813854,45.7395797,82
69008,"ASSOCIATION CULTURELLE MALGACHE ANKANY","2008-05-13",4.878956,45.7362446,82
69008,"CLUB MAD","1998-02-14",4.8694622,45.745109,82
69009,"KEL'BAZAR","2009-04-02",4.8081171,45.7747184,82
69009,"COMITE DE LYON DU CONSEIL PERMANENT REPRESENTATIF DES FORCES VIVESMALGACHES EN FRANCE (COMITE DE LYON DU CPRFVM FRANCE)","1992-01-15",4.7905765,45.7652608,82
69009,"ENSEMBLE SOYONS FERME !","2000-02-29",4.8020105,45.7627955,82
69100,"PARRAINAGES LYON MADAGASCAR","2002-06-12",4.8877431,45.7679152,82
69100,"MISSION MADAGASCAR","2014-11-13",4.8951616,45.7731949,82
69100,"ASSOCIATION SPORTIVE ET CULTURELLE DES AMIS DE MADAGASCAR","1992-02-20",4.8864926,45.7584947,82
69100,"LES BAMBINS D'AMBALAVAO","2011-09-28",4.8934551,45.7662953,82
69100,"ZANAK' ANTSIHANAKA","2010-04-28",4.8640397,45.7739284,82
69100,"MANAMPY TANANA","2016-02-10",4.8831477,45.7690612,82
69120,"MADAPROMART","2009-06-18",4.931925,45.7536957,82
69120,"FIKAMBANAN'NY MPIKABARY MALAGASY SAMPANA LYON (FIMPIMA SAMPANA LYON)","2016-10-05",4.9220977,45.7762681,82
69120,"EGLISE PROTESTANTE MALGACHE EN FRANCE PAROISSE DE LYON OUFIANGONANA PROTESTANTA MALAGASY ATY ANDAFY TAFO LYON(FPMA LYON)","1995-06-07",4.9317951,45.7607043,82
69120,"REUNION PASSION","2006-02-28",4.9080805,45.775517,82
69130,"KILONGA","2008-09-11",4.7757821,45.7740151,82
69130,"BOUT A BOUT","2005-08-23",4.770793,45.7645425,82
69140,"SOLIDARITE BIDONVILLES MADAGASCAR","2007-07-20",4.8978095,45.8245193,82
69140,"ASSOCIATION LAIQUE DES AMIS DE MADAGASCAR (ALAM)","2003-10-20",4.8957192,45.8111327,82
69160,"AUX AMIS DE MADAGASCAR","1992-11-16",4.7831645,45.7593512,82
69160,"LYON MADAGASCAR","1981-02-27",4.7793532,45.759695,82
69160,"TRAIT D'UNION HUMANITAIRE","2009-07-28",4.757561,45.7682036,82
69190,"SIFAKA FOLKLORE","2000-04-20",4.8604078,45.7077494,82
69200,"MADAVENIR","2006-04-14",4.8906328,45.7220477,82
69210,"VIE ET ESPOIR POUR LES ENFANTS MALGACHES","2006-02-07",4.5861861,45.8537301,82
69230,"TSARA JORO","2008-10-20",4.792368,45.6960327,82
69270,"MANDA LIFE","2012-07-10",4.8449457,45.8401298,82
69290,"AIDE AUX SANS ABRIS DE MADAGASCAR LYON DITE ASAM LYON","2001-06-15",4.7266143,45.7617629,82
69300,"ZANATANY FRANCE MADAGASCAR","2009-07-24",4.8584724,45.7903108,82
69330,"ASSOCIATION POUR LA RECHERCHE ET LE DEVELOPPEMENT PROFESSIONNEL ET TOURISTIQUEFRANCO MALGACHE (AREDEFM)","1994-04-20",5.0890349,45.8101149,82
69330,"ANTANTERAKA FANANTENANA EDUCATION SANTE","2004-12-03",4.9989036,45.7872784,82
69330,"MAD'INGASCAR","2016-06-30",5.0578346,45.8041033,82
69330,"AVENIR BEVATO  UNE GOUTTE D'EAU POUR L'ILE ROUGE","2010-11-16",5.0096719,45.7612014,82
69340,"MGC SOLIDARIT… FRANCE / MADAGASCAR","2014-03-04",4.7364274,45.7348667,82
69400,"LES AILES DE L'ESPOIR POUR BEZAHA","2005-05-11",4.7073161,45.9811051,82
69400,"USOMACC (UNION DE SOUTIEN MALGACHE D'AIDE CONTRE LE CANCER)","2016-06-07",4.7275798,45.9951559,82
69460,"AMITIE ET PARTAGE BEAUJOLAIS MADAGASCAR","2001-09-26",4.591754,46.056044,82
69480,"DESTINATION MADA","2009-05-29",4.7047339,45.9601267,82
69490,"HISTOIRE DE DOUDOU","2001-06-05",4.550013,45.885501,82
69500,"CAPMADA2017","2016-10-24",4.9253707,45.7279102,82
69520,"NIRINA AIDE","2014-12-02",4.7874768,45.6100086,82
69550,"LES AMIS DE KIANJASOA","2013-07-04",4.3654032,46.0152816,82
69600,"LES AMIS DE SAKATIA","2000-02-17",4.8174589,45.7153393,82
69600,"PR…FACE","2013-08-14",4.8031299,45.7195437,82
69630,"FIDES","1995-01-16",4.7524524,45.7163276,82
69680,"ILO AINA FRANCE","2015-03-09",4.9591553,45.74487,82
69700,"GRAVEL RALLY ADDICT","2013-12-19",4.7687165,45.5882066,82
69780,"MALGACHES ADVENTISTES DE LYON INTERESSES PAR L'AVENIR (MALINA)","2007-03-07",4.9479554,45.6537173,82
69870,"ALOALO DE LA VAL D'AZ","2013-05-16",4.475872,46.0383,82
70000,"ASSOCIATION SOLIDARITE FRANCO-MALGACHE 70","1995-09-18",6.1442191,47.6072909,43
70190,"LES CAHIERS DU D…SERT","2011-02-02",6.0762541,47.3603065,43
70290,"OCEAN INDIEN 'LE PAILLE EN QUEUE'","2008-03-04",6.6460941,47.6886368,43
70400,"SEKOLY TAFITA SOA","2011-04-15",6.7491849,47.5718283,43
70400,"LES PETITS LEMURS","2011-02-21",6.7700807,47.6018334,43
71000,"L'ILE ROUGE","2009-03-13",4.8465502,46.3597246,26
71000,"MADAGASKID, PIC ET PIC ECOLE DE BROUSSE","2008-05-21",4.8269026,46.3061158,26
71000,"LES ENFANTS DE MADAGASCAR","2007-07-06",4.81137,46.300756,26
71370,"""TSIKIN ANKIZY MALAGASY """"""""SOURIRE D'ENFANT MALGACHE"""""""" - TAM""","2012-02-24",4.9803871,46.6523086,26
71410,"ANTHONY ET FATIMA","2005-12-07",4.2719652,46.6779621,26
71600,"MADAGASCAR 96 (PA)","1996-02-01",4.120665,46.452222,26
71880,"ASSOCIATION BOURGOGNE MAYOTTE (A.B.M.)","2011-05-03",4.8125021,46.7953277,26
72000,"SOLIDARITE ACTION MADAGASCAR SARTHE","2005-05-11",0.1911762,47.9979708,NA
72000,"ENFANTS DE MADAGASCAR","2004-11-17",0.1982212,48.0066594,NA
72018,"ASSOCIATION SOLIDARITE ANKASINA FRANCE","2011-07-13",0.1926295,48.0107485,NA
72100,"EGLISE LUTHERIENNE MALGACHE EN EUROPE - EGLISE DU MANS","2012-12-17",0.2276236,47.9937585,NA
72100,"MITIA HAVANA","2015-10-13",0.2193921,47.9912172,NA
72100,"ASSOCIATION MADAGASCAR","1991-09-25",0.1971772,47.9909521,NA
72190,"APPUI AUX MEDECINS ET PARAMEDICAUX MALGACHES (AMPM)","1998-04-06",0.200556,48.023031,52
72330,"ASSOCIATION EVARISTE ZAFIMEHY","2003-05-14",0.0793095,47.8290483,52
72350,"ENFANTS DE MAJUNGA","2001-09-24",-0.2344183,47.9662497,52
72370,"L'ALLIANCE POUR LA VIE","2010-07-09",0.4766358,48.0017066,52
72430,"ASSOCIATION V.A.Z.A
( VISE ¿ L'AVENIR DES ZAZA=ENFANTS)","2013-11-05",-0.1538521,47.9222096,52
72460,"OBJECTIF MALAGASY RED ISLAND - O.M.I.","2003-10-25",0.2925678,48.0721903,52
73000,"MISSION ART ET ENVIRONNEMENT MADAGASCAR","1999-02-15",5.8946835,45.5852778,82
73000,"LES ENFANTS MALGACHES","1997-05-03",5.9345427,45.5637772,82
73100,"ASSOCIATION CLO FE NI AIDE AUX ENFANTS DE L'ILE ROUGE","1999-02-15",5.9155117,45.7079251,82
73100,"ASAM DES SAVOIE","2005-01-11",5.9134259,45.6845129,82
73200,"AINAMADA","2016-12-21",6.4114,45.6674211,82
73350,"AMADEA -  RHONE-ALPES PACA","2002-05-22",6.692988,45.4547979,82
73590,"ASSOCIATION ACTION MADAGASCAR-FANANTENANA","1996-01-24",6.5317583,45.8212046,82
75009,"AMIS DE L'EGLISE CATHOLIQUE APOSTOLIQUE ROMAINE D'ANTSIRABE","1983-03-31",2.3424335,48.8759549,11
75009,"MIRAY AINA ASSOCIATION DES ETUDIANTS MALGACHES SOLIDAIRES","1983-11-30",2.3411968,48.8738881,11
75011,"DOMOINA","1983-10-12",2.3827543,48.8527408,11
92000,"ECHANGES CULTURELS FRANCO-MALGACHES",NA,2.215331,48.892423,11
92100,"HARIVARIVA","2002-09-11",2.2440309,48.8323256,11
92110,"ASSOCIATION CLICHY-MADAGASCAR",NA,2.3103128,48.9057526,11
92130,"DU FIL POUR LA VIE","1994-10-13",2.2600142,48.8181375,11
92150,"AKAMA MADA",NA,2.2278656,48.8699858,11
92150,"LES ENFANTS DE MADAGASCAR",NA,2.2251116,48.8710792,11
92160,"URGENCE MADAGASCAR RIVOTRO","2008-02-21",2.3041189,48.7327422,11
92160,"PNEUMALGA","2004-04-29",2.3092565,48.7665199,11
92160,"D'ETUDE ET DE DEVELOPPEMENT FRANCO MALGACHE (SOFIANATRA)","1988-05-09",2.3057269,48.7529841,11
92200,"MAD SERVICES ASSOCIES",NA,2.2579733,48.8870596,11
92230,"SOLIDARITE OCEAN INDIEN",NA,2.2894372,48.9247982,11
92260,"A.DI.A.MADA ARSI DIOSEZY AVARATR'RI MADAGASICARA","2007-03-01",2.2825112,48.7837434,11
92290,"TOKO TELO (APPUI AUX INITIATIVES VILLAGEOISES MALGACHES)","1997-02-24",2.256364,48.7700049,11
92300,"Des Villages et Des Hommes",NA,2.2895126,48.895428,11
92320,"RODOBE","2004-04-22",2.2875877,48.8025541,11
92320,"FITIAVANA - GAGNEURS D'AMES","2007-07-25",2.2796593,48.7970694,11
92330,"A.M.E (ARTISTES MALGACHES POUR LES ENFANTS)","2004-10-01",2.2795325,48.7777659,11
92390,"MALAGASY SAMBATRA","1997-01-01",2.3277397,48.9315996,11
92390,"Soleil de France",NA,2.3303429,48.9297716,11
92400,"AO LEITS' ! Ra. B.A (Rassemblement des Boulistes GASY et Amis)","2008-12-31",2.2598862,48.8982634,11
92400,"Association Meydey.A.Madagascar (association M.A.M.)",NA,2.2537601,48.8907393,11
92500,"APPEL DE LA TERRE",NA,2.1854793,48.8763557,11
92500,"Gasy-NRJK","2003-04-15",2.1819636,48.8869964,11
92500,"FORMATESCO (COOPERATION POUR LA FORMATION, L'EDUCATION LA SCIENCE ET LA CULTURE)",NA,2.2060559,48.8652477,11
92500,"AMICALE FRANCE MADAGASCAR-OCEAN INDIEN",NA,2.17693,48.882767,11
92600,"ANDAFY MAHERI","2006-11-02",2.2765883,48.9096438,11
92600,"KINCY EVENTS","2008-11-20",2.2856854,48.9054815,11
92700,"JACARANDA",NA,2.2596318,48.9271453,11
92800,"RAVINALA",NA,2.2330253,48.8756292,11
NA,"ASSOCIATION MALGACHE DE NICE (ASMAN)","2008-05-29",7.28364,43.70631,NA
NA,"AMIS DE LA RADIO FAHAZAVANA","2004-05-11",17.0750793,-22.5640349,NA
NA,"AIDE A BETRANDRAKA MADAGASCAR",NA,-1.6682428,48.1212264,NA
NA,"SOLIDARITE ACTION MADAGASCAR - SARTHE","2005-05-11",0.1910903,47.9981218,NA
